과목명,교수명,개설학과전공,이수구분,영역,캠퍼스,수업유형,출결,시험,과제,조모임,성적,강의 시간,강의력,평점,전체 벡터
미적분과 벡터해석 기초,강영훈,수리통계데이터사이언스학부,공통교양,경험적수리적추리,"[1, 0]","[0, 0, 3]","[1, 0, 0, 0, 0]",0.6,0,0,"[0, 1, 0, 0]",0,1,0.5,"[0.6, 0.0, 0.0, 1, 0, 0, 0, 0, 0, 1, 0, 0, 0.0, 1.0, 0, 0, 3, 1, 0, 1.0]"
미적분과 벡터해석 기초,강성봉,수리통계데이터사이언스학부,공통교양,경험적수리적추리,"[0, 1]","[0, 0, 3]","[0, 1, 0, 0, 0]",0.6,0.5,0,"[0, 1, 0, 0]",0,1,0.5,"[0.6, 0.5, 0.0, 0, 1, 0, 0, 0, 0, 1, 0, 0, 0.0, 1.0, 0, 0, 3, 0, 1, 1.0]"
기초 통계학,원형묵,수리통계데이터사이언스학부,공통교양,경험적수리적추리,"[1, 0]","[0, 0, 3]","[1, 0, 0, 0, 0]",0.6,0,0,"[1, 0, 0, 0]",1,0.5,0.5,"[0.6, 0.0, 0.0, 1, 0, 0, 0, 0, 1, 0, 0, 0, 1.0, 0.5, 0, 0, 3, 1, 0, 1.0]"
기초 통계학,김계완,수리통계데이터사이언스학부,공통교양,경험적수리적추리,"[1, 0]","[0, 0, 3]","[1, 0, 0, 0, 0]",0.6,1,0,"[0, 1, 0, 0]",1,0.5,0.2,"[0.6, 1.0, 0.0, 1, 0, 0, 0, 0, 0, 1, 0, 0, 1.0, 0.5, 0, 0, 3, 1, 0, 0.4]"
일반화학 Ⅰ,이향애,화학·에너지융합학부,핵심교양,자연의설명,"[0, 1]","[0, 0, 3]","[0, 1, 0, 0, 0]",0.6,0.5,0,"[0, 1, 0, 0]",1,0.5,0.3,"[0.6, 0.5, 0.0, 0, 1, 0, 0, 0, 0, 1, 0, 0, 1.0, 0.5, 0, 0, 3, 0, 1, 0.6]"
일반화학 Ⅰ,이향애,화학·에너지융합학부,핵심교양,자연의설명,"[0, 1]","[0, 0, 3]","[0, 1, 0, 0, 0]",0.6,0.5,0,"[0, 1, 0, 0]",1,0.5,0.3,"[0.6, 0.5, 0.0, 0, 1, 0, 0, 0, 0, 1, 0, 0, 1.0, 0.5, 0, 0, 3, 0, 1, 0.6]"
일반화학 Ⅰ,이향애,화학·에너지융합학부,핵심교양,자연의설명,"[0, 1]","[0, 0, 3]","[0, 1, 0, 0, 0]",0.6,0.5,0,"[0, 1, 0, 0]",1,0.5,0.3,"[0.6, 0.5, 0.0, 0, 1, 0, 0, 0, 0, 1, 0, 0, 1.0, 0.5, 0, 0, 3, 0, 1, 0.6]"
파이썬프로그래밍,김대영,공과대학,공통교양,SW문해,"[1, 0]","[0, 0, 3]","[0, 0, 1, 0, 0]",0.4,0.5,0.5,"[0, 0, 1, 0]",0,1,0,"[0.4, 0.5, 0.5, 0, 0, 1, 0, 0, 0, 0, 1, 0, 0.0, 1.0, 0, 0, 3, 1, 0, 0.0]"
파이썬프로그래밍,정영희,공과대학,공통교양,SW문해,"[1, 0]","[0, 0, 3]","[0, 0, 1, 0, 0]",0.4,0.5,0.5,"[0, 0, 1, 0]",1,1,0,"[0.4, 0.5, 0.5, 0, 0, 1, 0, 0, 0, 0, 1, 0, 1.0, 1.0, 0, 0, 3, 1, 0, 0.0]"
파이썬프로그래밍,이영한,공과대학,공통교양,SW문해,"[1, 0]","[0, 0, 0]","[0, 1, 0, 0, 0]",0.6,0,0,"[0, 1, 0, 0]",0,1,0.5,"[0.6, 0.0, 0.0, 0, 1, 0, 0, 0, 0, 1, 0, 0, 0.0, 1.0, 0, 0, 0, 1, 0, 1.0]"
파이썬프로그래밍,서동수,공과대학,공통교양,SW문해,"[1, 0]","[0, 0, 3]","[0, 0, 1, 0, 0]",0.4,0.5,0.5,"[0, 0, 1, 0]",1,1,0,"[0.4, 0.5, 0.5, 0, 0, 1, 0, 0, 0, 0, 1, 0, 1.0, 1.0, 0, 0, 3, 1, 0, 0.0]"
파이썬프로그래밍,이민수,공과대학,공통교양,SW문해,"[1, 0]","[0, 0, 0]","[0, 1, 0, 0, 0]",0.6,0.5,0,"[0, 1, 0, 0]",0,0.5,0.5,"[0.6, 0.5, 0.0, 0, 1, 0, 0, 0, 0, 1, 0, 0, 0.0, 0.5, 0, 0, 0, 1, 0, 1.0]"
파이썬프로그래밍,정영범,공과대학,공통교양,SW문해,"[1, 0]","[0, 0, 3]","[1, 0, 0, 0, 0]",0.6,0.5,0,"[0, 1, 0, 0]",1,1,0.5,"[0.6, 0.5, 0.0, 1, 0, 0, 0, 0, 0, 1, 0, 0, 1.0, 1.0, 0, 0, 3, 1, 0, 1.0]"
파이썬프로그래밍,차영화,공과대학,공통교양,SW문해,"[0, 1]","[0, 0, 3]","[1, 0, 0, 0, 0]",0.6,0.5,0,"[0, 1, 0, 0]",1,1,0.5,"[0.6, 0.5, 0.0, 1, 0, 0, 0, 0, 0, 1, 0, 0, 1.0, 1.0, 0, 0, 3, 0, 1, 1.0]"
파이썬프로그래밍,이두열,공과대학,공통교양,SW문해,"[0, 1]","[0, 0, 3]","[1, 0, 0, 0, 0]",0.6,0.5,0,"[0, 1, 0, 0]",1,0.5,0.2,"[0.6, 0.5, 0.0, 1, 0, 0, 0, 0, 0, 1, 0, 0, 1.0, 0.5, 0, 0, 3, 0, 1, 0.4]"
파이썬프로그래밍,유정화,공과대학,공통교양,SW문해,"[0, 1]","[0, 0, 3]","[0, 0, 1, 0, 0]",0.4,0.5,0.5,"[0, 0, 1, 0]",0,1,0.5,"[0.4, 0.5, 0.5, 0, 0, 1, 0, 0, 0, 0, 1, 0, 0.0, 1.0, 0, 0, 3, 0, 1, 1.0]"
일반생물학 Ⅰ,윤진호,바이오생명공학과,핵심교양,자연의설명,"[0, 1]","[0, 0, 3]","[1, 0, 0, 0, 0]",0.6,1,0,"[0, 1, 0, 0]",1,1,0.4,"[0.6, 1.0, 0.0, 1, 0, 0, 0, 0, 0, 1, 0, 0, 1.0, 1.0, 0, 0, 3, 0, 1, 0.8]"
일반생물학 Ⅰ,현경아,바이오생명공학과,핵심교양,자연의설명,"[0, 1]","[0, 0, 3]","[1, 0, 0, 0, 0]",0.6,0,0,"[0, 1, 0, 0]",0,1,0.5,"[0.6, 0.0, 0.0, 1, 0, 0, 0, 0, 0, 1, 0, 0, 0.0, 1.0, 0, 0, 3, 0, 1, 1.0]"
일반생물학 Ⅰ,권혜경,바이오생명공학과,핵심교양,자연의설명,"[0, 1]","[0, 0, 3]","[1, 0, 0, 0, 0]",0.6,0,0,"[0, 1, 0, 0]",1,1,0.5,"[0.6, 0.0, 0.0, 1, 0, 0, 0, 0, 0, 1, 0, 0, 1.0, 1.0, 0, 0, 3, 0, 1, 1.0]"
일반생물학 Ⅰ,현경아,바이오생명공학과,핵심교양,자연의설명,"[0, 1]","[0, 0, 3]","[1, 0, 0, 0, 0]",0.6,0,0,"[0, 1, 0, 0]",0,1,0.5,"[0.6, 0.0, 0.0, 1, 0, 0, 0, 0, 0, 1, 0, 0, 0.0, 1.0, 0, 0, 3, 0, 1, 1.0]"
비판적 사고와 토론,석기용,창의융합학부,공통교양,영역없음,"[1, 0]","[0, 0, 3]","[0, 0, 1, 0, 0]",0.4,0.5,0.5,"[0, 0, 1, 0]",1,1,0,"[0.4, 0.5, 0.5, 0, 0, 1, 0, 0, 0, 0, 1, 0, 1.0, 1.0, 0, 0, 3, 1, 0, 0.0]"
비판적 사고와 토론,김준석,창의융합학부,공통교양,영역없음,"[1, 0]","[0, 0, 3]","[0, 0, 1, 0, 0]",0.4,0.5,0.5,"[0, 0, 1, 0]",0,1,0,"[0.4, 0.5, 0.5, 0, 0, 1, 0, 0, 0, 0, 1, 0, 0.0, 1.0, 0, 0, 3, 1, 0, 0.0]"
비판적 사고와 토론,강희경,창의융합학부,공통교양,영역없음,"[1, 0]","[0, 0, 3]","[0, 0, 1, 0, 0]",0.4,0.5,0.5,"[0, 0, 1, 0]",1,1,0,"[0.4, 0.5, 0.5, 0, 0, 1, 0, 0, 0, 0, 1, 0, 1.0, 1.0, 0, 0, 3, 1, 0, 0.0]"
비판적 사고와 토론,성창기,창의융합학부,공통교양,영역없음,"[1, 0]","[0, 0, 3]","[1, 0, 0, 0, 0]",0.4,0.5,0.5,"[0, 1, 0, 0]",1,0.5,0.4,"[0.4, 0.5, 0.5, 1, 0, 0, 0, 0, 0, 1, 0, 0, 1.0, 0.5, 0, 0, 3, 1, 0, 0.8]"
비판적 사고와 토론,이재춘,창의융합학부,공통교양,영역없음,"[1, 0]","[0, 0, 3]","[1, 0, 0, 0, 0]",0.4,0.5,1,"[0, 1, 0, 0]",1,0.5,0.3,"[0.4, 0.5, 1.0, 1, 0, 0, 0, 0, 0, 1, 0, 0, 1.0, 0.5, 0, 0, 3, 1, 0, 0.6]"
비판적 사고와 토론,임우형,창의융합학부,공통교양,영역없음,"[1, 0]","[0, 0, 3]","[1, 0, 0, 0, 0]",0.4,0.5,1,"[0, 1, 0, 0]",1,1,0.4,"[0.4, 0.5, 1.0, 1, 0, 0, 0, 0, 0, 1, 0, 0, 1.0, 1.0, 0, 0, 3, 1, 0, 0.8]"
비판적 사고와 토론,성창기,창의융합학부,공통교양,영역없음,"[1, 0]","[0, 0, 3]","[1, 0, 0, 0, 0]",0.4,0.5,0.5,"[0, 1, 0, 0]",1,0.5,0.4,"[0.4, 0.5, 0.5, 1, 0, 0, 0, 0, 0, 1, 0, 0, 1.0, 0.5, 0, 0, 3, 1, 0, 0.8]"
비판적 사고와 토론,이재춘,창의융합학부,공통교양,영역없음,"[1, 0]","[0, 0, 3]","[1, 0, 0, 0, 0]",0.4,0.5,1,"[0, 1, 0, 0]",1,0.5,0.3,"[0.4, 0.5, 1.0, 1, 0, 0, 0, 0, 0, 1, 0, 0, 1.0, 0.5, 0, 0, 3, 1, 0, 0.6]"
비판적 사고와 토론,강희경,창의융합학부,공통교양,영역없음,"[1, 0]","[0, 0, 3]","[0, 0, 1, 0, 0]",0.4,0.5,0.5,"[0, 0, 1, 0]",1,1,0,"[0.4, 0.5, 0.5, 0, 0, 1, 0, 0, 0, 0, 1, 0, 1.0, 1.0, 0, 0, 3, 1, 0, 0.0]"
비판적 사고와 토론,김준석,창의융합학부,공통교양,영역없음,"[1, 0]","[0, 0, 3]","[0, 0, 1, 0, 0]",0.4,0.5,0.5,"[0, 0, 1, 0]",0,1,0,"[0.4, 0.5, 0.5, 0, 0, 1, 0, 0, 0, 0, 1, 0, 0.0, 1.0, 0, 0, 3, 1, 0, 0.0]"
비판적 사고와 토론,석기용,창의융합학부,공통교양,영역없음,"[1, 0]","[0, 0, 3]","[0, 0, 1, 0, 0]",0.4,0.5,0.5,"[0, 0, 1, 0]",1,1,0,"[0.4, 0.5, 0.5, 0, 0, 1, 0, 0, 0, 0, 1, 0, 1.0, 1.0, 0, 0, 3, 1, 0, 0.0]"
비판적 사고와 토론,김준석,창의융합학부,공통교양,영역없음,"[1, 0]","[0, 0, 3]","[0, 0, 1, 0, 0]",0.4,0.5,0.5,"[0, 0, 1, 0]",0,1,0,"[0.4, 0.5, 0.5, 0, 0, 1, 0, 0, 0, 0, 1, 0, 0.0, 1.0, 0, 0, 3, 1, 0, 0.0]"
비판적 사고와 토론,강희경,창의융합학부,공통교양,영역없음,"[1, 0]","[0, 0, 3]","[0, 0, 1, 0, 0]",0.4,0.5,0.5,"[0, 0, 1, 0]",1,1,0,"[0.4, 0.5, 0.5, 0, 0, 1, 0, 0, 0, 0, 1, 0, 1.0, 1.0, 0, 0, 3, 1, 0, 0.0]"
비판적 사고와 토론,김형중,창의융합학부,공통교양,영역없음,"[1, 0]","[0, 0, 3]","[1, 0, 0, 0, 0]",0.4,0.5,1,"[0, 1, 0, 0]",0,1,0.4,"[0.4, 0.5, 1.0, 1, 0, 0, 0, 0, 0, 1, 0, 0, 0.0, 1.0, 0, 0, 3, 1, 0, 0.8]"
비판적 사고와 토론,전지은,창의융합학부,공통교양,영역없음,"[1, 0]","[0, 0, 3]","[0, 0, 1, 0, 0]",0.4,0.5,0.5,"[0, 0, 1, 0]",1,1,0,"[0.4, 0.5, 0.5, 0, 0, 1, 0, 0, 0, 0, 1, 0, 1.0, 1.0, 0, 0, 3, 1, 0, 0.0]"
비판적 사고와 토론,주민재,창의융합학부,공통교양,영역없음,"[1, 0]","[0, 0, 3]","[0, 0, 1, 0, 0]",0.4,0.5,0.5,"[0, 0, 1, 0]",1,0.5,0,"[0.4, 0.5, 0.5, 0, 0, 1, 0, 0, 0, 0, 1, 0, 1.0, 0.5, 0, 0, 3, 1, 0, 0.0]"
비판적 사고와 토론,기유정,창의융합학부,공통교양,영역없음,"[1, 0]","[0, 0, 3]","[0, 0, 1, 0, 0]",0.4,0.5,0.5,"[0, 0, 1, 0]",1,1,0,"[0.4, 0.5, 0.5, 0, 0, 1, 0, 0, 0, 0, 1, 0, 1.0, 1.0, 0, 0, 3, 1, 0, 0.0]"
비판적 사고와 토론,기유정,창의융합학부,공통교양,영역없음,"[1, 0]","[0, 0, 3]","[0, 0, 1, 0, 0]",0.4,0.5,0.5,"[0, 0, 1, 0]",1,1,0,"[0.4, 0.5, 0.5, 0, 0, 1, 0, 0, 0, 0, 1, 0, 1.0, 1.0, 0, 0, 3, 1, 0, 0.0]"
비판적 사고와 토론,전지은,창의융합학부,공통교양,영역없음,"[1, 0]","[0, 0, 3]","[0, 0, 1, 0, 0]",0.4,0.5,0.5,"[0, 0, 1, 0]",1,1,0,"[0.4, 0.5, 0.5, 0, 0, 1, 0, 0, 0, 0, 1, 0, 1.0, 1.0, 0, 0, 3, 1, 0, 0.0]"
비판적 사고와 토론,김준석,창의융합학부,공통교양,영역없음,"[1, 0]","[0, 0, 3]","[0, 0, 1, 0, 0]",0.4,0.5,0.5,"[0, 0, 1, 0]",0,1,0,"[0.4, 0.5, 0.5, 0, 0, 1, 0, 0, 0, 0, 1, 0, 0.0, 1.0, 0, 0, 3, 1, 0, 0.0]"
비판적 사고와 토론,강희경,창의융합학부,공통교양,영역없음,"[1, 0]","[0, 0, 3]","[0, 0, 1, 0, 0]",0.4,0.5,0.5,"[0, 0, 1, 0]",1,1,0,"[0.4, 0.5, 0.5, 0, 0, 1, 0, 0, 0, 0, 1, 0, 1.0, 1.0, 0, 0, 3, 1, 0, 0.0]"
비판적 사고와 토론,이성준,창의융합학부,공통교양,영역없음,"[1, 0]","[0, 0, 3]","[1, 0, 0, 0, 0]",0.4,0.5,1,"[0, 1, 0, 0]",0,1,0.3,"[0.4, 0.5, 1.0, 1, 0, 0, 0, 0, 0, 1, 0, 0, 0.0, 1.0, 0, 0, 3, 1, 0, 0.6]"
비판적 사고와 토론,손성우,창의융합학부,공통교양,영역없음,"[1, 0]","[0, 0, 3]","[0, 0, 1, 0, 0]",0.4,0.5,0.5,"[0, 0, 1, 0]",1,1,0,"[0.4, 0.5, 0.5, 0, 0, 1, 0, 0, 0, 0, 1, 0, 1.0, 1.0, 0, 0, 3, 1, 0, 0.0]"
비판적 사고와 토론,엄상희,창의융합학부,공통교양,영역없음,"[1, 0]","[0, 0, 3]","[0, 1, 0, 0, 0]",0.4,0.5,1,"[0, 1, 0, 0]",1,0.5,0.3,"[0.4, 0.5, 1.0, 0, 1, 0, 0, 0, 0, 1, 0, 0, 1.0, 0.5, 0, 0, 3, 1, 0, 0.6]"
비판적 사고와 토론,오윤정,창의융합학부,공통교양,영역없음,"[1, 0]","[0, 0, 3]","[0, 0, 1, 0, 0]",0.4,0.5,0.5,"[0, 0, 1, 0]",0,0.5,0,"[0.4, 0.5, 0.5, 0, 0, 1, 0, 0, 0, 0, 1, 0, 0.0, 0.5, 0, 0, 3, 1, 0, 0.0]"
비판적 사고와 토론,김준석,창의융합학부,공통교양,영역없음,"[1, 0]","[0, 0, 3]","[0, 0, 1, 0, 0]",0.4,0.5,0.5,"[0, 0, 1, 0]",0,1,0,"[0.4, 0.5, 0.5, 0, 0, 1, 0, 0, 0, 0, 1, 0, 0.0, 1.0, 0, 0, 3, 1, 0, 0.0]"
비판적 사고와 토론,강희경,창의융합학부,공통교양,영역없음,"[1, 0]","[0, 0, 3]","[0, 0, 1, 0, 0]",0.4,0.5,0.5,"[0, 0, 1, 0]",1,1,0,"[0.4, 0.5, 0.5, 0, 0, 1, 0, 0, 0, 0, 1, 0, 1.0, 1.0, 0, 0, 3, 1, 0, 0.0]"
비판적 사고와 토론,이성준,창의융합학부,공통교양,영역없음,"[1, 0]","[0, 0, 3]","[1, 0, 0, 0, 0]",0.4,0.5,1,"[0, 1, 0, 0]",0,1,0.3,"[0.4, 0.5, 1.0, 1, 0, 0, 0, 0, 0, 1, 0, 0, 0.0, 1.0, 0, 0, 3, 1, 0, 0.6]"
비판적 사고와 토론,오윤정,창의융합학부,공통교양,영역없음,"[1, 0]","[0, 0, 3]","[0, 0, 1, 0, 0]",0.4,0.5,0.5,"[0, 0, 1, 0]",0,0.5,0,"[0.4, 0.5, 0.5, 0, 0, 1, 0, 0, 0, 0, 1, 0, 0.0, 0.5, 0, 0, 3, 1, 0, 0.0]"
비판적 사고와 토론,손성우,창의융합학부,공통교양,영역없음,"[1, 0]","[0, 0, 3]","[0, 0, 1, 0, 0]",0.4,0.5,0.5,"[0, 0, 1, 0]",1,1,0,"[0.4, 0.5, 0.5, 0, 0, 1, 0, 0, 0, 0, 1, 0, 1.0, 1.0, 0, 0, 3, 1, 0, 0.0]"
비판적 사고와 토론,류경동,창의융합학부,공통교양,영역없음,"[0, 1]","[0, 0, 3]","[0, 0, 1, 0, 0]",0.4,0.5,0.5,"[0, 0, 1, 0]",0,1,0,"[0.4, 0.5, 0.5, 0, 0, 1, 0, 0, 0, 0, 1, 0, 0.0, 1.0, 0, 0, 3, 0, 1, 0.0]"
비판적 사고와 토론,허찬,창의융합학부,공통교양,영역없음,"[0, 1]","[0, 0, 3]","[0, 0, 1, 0, 0]",0.4,0.5,0.5,"[0, 0, 1, 0]",0,1,0,"[0.4, 0.5, 0.5, 0, 0, 1, 0, 0, 0, 0, 1, 0, 0.0, 1.0, 0, 0, 3, 0, 1, 0.0]"
비판적 사고와 토론,이정환,창의융합학부,공통교양,영역없음,"[0, 1]","[0, 0, 3]","[0, 1, 0, 0, 0]",0.4,0.5,0.5,"[0, 1, 0, 0]",0,1,0.4,"[0.4, 0.5, 0.5, 0, 1, 0, 0, 0, 0, 1, 0, 0, 0.0, 1.0, 0, 0, 3, 0, 1, 0.8]"
비판적 사고와 토론,이성근,창의융합학부,공통교양,영역없음,"[0, 1]","[0, 0, 3]","[1, 0, 0, 0, 0]",0.2,0.5,0.5,"[0, 1, 0, 0]",0,0.5,0.4,"[0.2, 0.5, 0.5, 1, 0, 0, 0, 0, 0, 1, 0, 0, 0.0, 0.5, 0, 0, 3, 0, 1, 0.8]"
비판적 사고와 토론,류경동,창의융합학부,공통교양,영역없음,"[0, 1]","[0, 0, 3]","[0, 0, 1, 0, 0]",0.4,0.5,0.5,"[0, 0, 1, 0]",0,1,0,"[0.4, 0.5, 0.5, 0, 0, 1, 0, 0, 0, 0, 1, 0, 0.0, 1.0, 0, 0, 3, 0, 1, 0.0]"
비판적 사고와 토론,허찬,창의융합학부,공통교양,영역없음,"[0, 1]","[0, 0, 3]","[0, 0, 1, 0, 0]",0.4,0.5,0.5,"[0, 0, 1, 0]",0,1,0,"[0.4, 0.5, 0.5, 0, 0, 1, 0, 0, 0, 0, 1, 0, 0.0, 1.0, 0, 0, 3, 0, 1, 0.0]"
비판적 사고와 토론,이정환,창의융합학부,공통교양,영역없음,"[0, 1]","[0, 0, 3]","[0, 1, 0, 0, 0]",0.4,0.5,0.5,"[0, 1, 0, 0]",0,1,0.4,"[0.4, 0.5, 0.5, 0, 1, 0, 0, 0, 0, 1, 0, 0, 0.0, 1.0, 0, 0, 3, 0, 1, 0.8]"
비판적 사고와 토론,이성근,창의융합학부,공통교양,영역없음,"[0, 1]","[0, 0, 3]","[1, 0, 0, 0, 0]",0.2,0.5,0.5,"[0, 1, 0, 0]",0,0.5,0.4,"[0.2, 0.5, 0.5, 1, 0, 0, 0, 0, 0, 1, 0, 0, 0.0, 0.5, 0, 0, 3, 0, 1, 0.8]"
비판적 사고와 토론,김형중,창의융합학부,공통교양,영역없음,"[1, 0]","[0, 0, 3]","[1, 0, 0, 0, 0]",0.4,0.5,1,"[0, 1, 0, 0]",0,1,0.4,"[0.4, 0.5, 1.0, 1, 0, 0, 0, 0, 0, 1, 0, 0, 0.0, 1.0, 0, 0, 3, 1, 0, 0.8]"
비판적 사고와 토론,김준석,창의융합학부,공통교양,영역없음,"[1, 0]","[0, 0, 3]","[0, 0, 1, 0, 0]",0.4,0.5,0.5,"[0, 0, 1, 0]",0,1,0,"[0.4, 0.5, 0.5, 0, 0, 1, 0, 0, 0, 0, 1, 0, 0.0, 1.0, 0, 0, 3, 1, 0, 0.0]"
창조적 사고와 글쓰기,김예니,창의융합학부,공통교양,영역없음,"[1, 0]","[0, 0, 3]","[0, 0, 1, 0, 0]",0.4,0.5,0.5,"[0, 0, 1, 0]",0,1,0,"[0.4, 0.5, 0.5, 0, 0, 1, 0, 0, 0, 0, 1, 0, 0.0, 1.0, 0, 0, 3, 1, 0, 0.0]"
창조적 사고와 글쓰기,조별,창의융합학부,공통교양,영역없음,"[1, 0]","[0, 0, 3]","[0, 0, 1, 0, 0]",0.4,0.5,0.5,"[0, 0, 1, 0]",1,1,0,"[0.4, 0.5, 0.5, 0, 0, 1, 0, 0, 0, 0, 1, 0, 1.0, 1.0, 0, 0, 3, 1, 0, 0.0]"
창조적 사고와 글쓰기,방금단,창의융합학부,공통교양,영역없음,"[1, 0]","[0, 0, 3]","[0, 0, 1, 0, 0]",0.4,0.5,0.5,"[0, 0, 1, 0]",1,0.5,0,"[0.4, 0.5, 0.5, 0, 0, 1, 0, 0, 0, 0, 1, 0, 1.0, 0.5, 0, 0, 3, 1, 0, 0.0]"
창조적 사고와 글쓰기,김나영,창의융합학부,공통교양,영역없음,"[1, 0]","[0, 0, 3]","[0, 0, 1, 0, 0]",0.4,0.5,0.5,"[0, 0, 1, 0]",1,0.5,0,"[0.4, 0.5, 0.5, 0, 0, 1, 0, 0, 0, 0, 1, 0, 1.0, 0.5, 0, 0, 3, 1, 0, 0.0]"
창조적 사고와 글쓰기,선민서,창의융합학부,공통교양,영역없음,"[1, 0]","[0, 0, 3]","[0, 1, 0, 0, 0]",0.6,1,0.5,"[0, 1, 0, 0]",0,1,0.4,"[0.6, 1.0, 0.5, 0, 1, 0, 0, 0, 0, 1, 0, 0, 0.0, 1.0, 0, 0, 3, 1, 0, 0.8]"
창조적 사고와 글쓰기,최지선,창의융합학부,공통교양,영역없음,"[1, 0]","[0, 0, 3]","[0, 1, 0, 0, 0]",0.6,1,0.5,"[0, 1, 0, 0]",1,1,0.5,"[0.6, 1.0, 0.5, 0, 1, 0, 0, 0, 0, 1, 0, 0, 1.0, 1.0, 0, 0, 3, 1, 0, 1.0]"
창조적 사고와 글쓰기,김예니,창의융합학부,공통교양,영역없음,"[1, 0]","[0, 0, 3]","[0, 0, 1, 0, 0]",0.4,0.5,0.5,"[0, 0, 1, 0]",0,1,0,"[0.4, 0.5, 0.5, 0, 0, 1, 0, 0, 0, 0, 1, 0, 0.0, 1.0, 0, 0, 3, 1, 0, 0.0]"
창조적 사고와 글쓰기,조별,창의융합학부,공통교양,영역없음,"[1, 0]","[0, 0, 3]","[0, 0, 1, 0, 0]",0.4,0.5,0.5,"[0, 0, 1, 0]",1,1,0,"[0.4, 0.5, 0.5, 0, 0, 1, 0, 0, 0, 0, 1, 0, 1.0, 1.0, 0, 0, 3, 1, 0, 0.0]"
창조적 사고와 글쓰기,방금단,창의융합학부,공통교양,영역없음,"[1, 0]","[0, 0, 3]","[0, 0, 1, 0, 0]",0.4,0.5,0.5,"[0, 0, 1, 0]",1,0.5,0,"[0.4, 0.5, 0.5, 0, 0, 1, 0, 0, 0, 0, 1, 0, 1.0, 0.5, 0, 0, 3, 1, 0, 0.0]"
창조적 사고와 글쓰기,김난경,창의융합학부,공통교양,영역없음,"[1, 0]","[0, 0, 3]","[0, 0, 1, 0, 0]",0.4,0.5,0.5,"[0, 0, 1, 0]",1,0.5,0,"[0.4, 0.5, 0.5, 0, 0, 1, 0, 0, 0, 0, 1, 0, 1.0, 0.5, 0, 0, 3, 1, 0, 0.0]"
창조적 사고와 글쓰기,방금단,창의융합학부,공통교양,영역없음,"[1, 0]","[0, 0, 3]","[0, 0, 1, 0, 0]",0.4,0.5,0.5,"[0, 0, 1, 0]",1,0.5,0,"[0.4, 0.5, 0.5, 0, 0, 1, 0, 0, 0, 0, 1, 0, 1.0, 0.5, 0, 0, 3, 1, 0, 0.0]"
창조적 사고와 글쓰기,박은미,창의융합학부,공통교양,영역없음,"[1, 0]","[0, 0, 3]","[0, 1, 0, 0, 0]",0.6,1,1,"[0, 1, 0, 0]",1,1,0.4,"[0.6, 1.0, 1.0, 0, 1, 0, 0, 0, 0, 1, 0, 0, 1.0, 1.0, 0, 0, 3, 1, 0, 0.8]"
창조적 사고와 글쓰기,정현숙,창의융합학부,공통교양,영역없음,"[1, 0]","[0, 0, 3]","[0, 1, 0, 0, 0]",0.6,0.5,0,"[0, 1, 0, 0]",1,1,0.5,"[0.6, 0.5, 0.0, 0, 1, 0, 0, 0, 0, 1, 0, 0, 1.0, 1.0, 0, 0, 3, 1, 0, 1.0]"
창조적 사고와 글쓰기,조별,창의융합학부,공통교양,영역없음,"[1, 0]","[0, 0, 3]","[0, 0, 1, 0, 0]",0.4,0.5,0.5,"[0, 0, 1, 0]",1,1,0,"[0.4, 0.5, 0.5, 0, 0, 1, 0, 0, 0, 0, 1, 0, 1.0, 1.0, 0, 0, 3, 1, 0, 0.0]"
창조적 사고와 글쓰기,이은우,창의융합학부,공통교양,영역없음,"[1, 0]","[0, 0, 3]","[0, 0, 1, 0, 0]",0.4,0.5,0.5,"[0, 0, 1, 0]",1,0.5,0,"[0.4, 0.5, 0.5, 0, 0, 1, 0, 0, 0, 0, 1, 0, 1.0, 0.5, 0, 0, 3, 1, 0, 0.0]"
창조적 사고와 글쓰기,탁원정,창의융합학부,공통교양,영역없음,"[1, 0]","[0, 0, 3]","[0, 0, 1, 0, 0]",0.4,0.5,0.5,"[0, 0, 1, 0]",1,0.5,0,"[0.4, 0.5, 0.5, 0, 0, 1, 0, 0, 0, 0, 1, 0, 1.0, 0.5, 0, 0, 3, 1, 0, 0.0]"
창조적 사고와 글쓰기,양정화,창의융합학부,공통교양,영역없음,"[1, 0]","[0, 0, 3]","[0, 1, 0, 0, 0]",0.6,0.5,0.5,"[0, 1, 0, 0]",0,0.5,0.4,"[0.6, 0.5, 0.5, 0, 1, 0, 0, 0, 0, 1, 0, 0, 0.0, 0.5, 0, 0, 3, 1, 0, 0.8]"
창조적 사고와 글쓰기,김예니,창의융합학부,공통교양,영역없음,"[1, 0]","[0, 0, 3]","[0, 0, 1, 0, 0]",0.4,0.5,0.5,"[0, 0, 1, 0]",0,1,0,"[0.4, 0.5, 0.5, 0, 0, 1, 0, 0, 0, 0, 1, 0, 0.0, 1.0, 0, 0, 3, 1, 0, 0.0]"
창조적 사고와 글쓰기,조별,창의융합학부,공통교양,영역없음,"[1, 0]","[0, 0, 3]","[0, 0, 1, 0, 0]",0.4,0.5,0.5,"[0, 0, 1, 0]",1,1,0,"[0.4, 0.5, 0.5, 0, 0, 1, 0, 0, 0, 0, 1, 0, 1.0, 1.0, 0, 0, 3, 1, 0, 0.0]"
창조적 사고와 글쓰기,정슬아,창의융합학부,공통교양,영역없음,"[1, 0]","[0, 0, 3]","[0, 1, 0, 0, 0]",0.6,0.5,0.5,"[0, 1, 0, 0]",1,1,0.5,"[0.6, 0.5, 0.5, 0, 1, 0, 0, 0, 0, 1, 0, 0, 1.0, 1.0, 0, 0, 3, 1, 0, 1.0]"
창조적 사고와 글쓰기,김나영,창의융합학부,공통교양,영역없음,"[1, 0]","[0, 0, 3]","[0, 0, 1, 0, 0]",0.4,0.5,0.5,"[0, 0, 1, 0]",1,0.5,0,"[0.4, 0.5, 0.5, 0, 0, 1, 0, 0, 0, 0, 1, 0, 1.0, 0.5, 0, 0, 3, 1, 0, 0.0]"
창조적 사고와 글쓰기,방금단,창의융합학부,공통교양,영역없음,"[1, 0]","[0, 0, 3]","[0, 0, 1, 0, 0]",0.4,0.5,0.5,"[0, 0, 1, 0]",1,0.5,0,"[0.4, 0.5, 0.5, 0, 0, 1, 0, 0, 0, 0, 1, 0, 1.0, 0.5, 0, 0, 3, 1, 0, 0.0]"
창조적 사고와 글쓰기,김자영,창의융합학부,공통교양,영역없음,"[1, 0]","[0, 0, 3]","[0, 1, 0, 0, 0]",0.6,0.5,0,"[0, 1, 0, 0]",0,1,0.4,"[0.6, 0.5, 0.0, 0, 1, 0, 0, 0, 0, 1, 0, 0, 0.0, 1.0, 0, 0, 3, 1, 0, 0.8]"
창조적 사고와 글쓰기,박아름,창의융합학부,공통교양,영역없음,"[1, 0]","[0, 0, 3]","[0, 1, 0, 0, 0]",0.6,0.5,0.5,"[0, 1, 0, 0]",1,1,0.5,"[0.6, 0.5, 0.5, 0, 1, 0, 0, 0, 0, 1, 0, 0, 1.0, 1.0, 0, 0, 3, 1, 0, 1.0]"
창조적 사고와 글쓰기,김예니,창의융합학부,공통교양,영역없음,"[1, 0]","[0, 0, 3]","[0, 0, 1, 0, 0]",0.4,0.5,0.5,"[0, 0, 1, 0]",0,1,0,"[0.4, 0.5, 0.5, 0, 0, 1, 0, 0, 0, 0, 1, 0, 0.0, 1.0, 0, 0, 3, 1, 0, 0.0]"
창조적 사고와 글쓰기,조별,창의융합학부,공통교양,영역없음,"[1, 0]","[0, 0, 3]","[0, 0, 1, 0, 0]",0.4,0.5,0.5,"[0, 0, 1, 0]",1,1,0,"[0.4, 0.5, 0.5, 0, 0, 1, 0, 0, 0, 0, 1, 0, 1.0, 1.0, 0, 0, 3, 1, 0, 0.0]"
창조적 사고와 글쓰기,정슬아,창의융합학부,공통교양,영역없음,"[1, 0]","[0, 0, 3]","[0, 1, 0, 0, 0]",0.6,0.5,0.5,"[0, 1, 0, 0]",1,1,0.5,"[0.6, 0.5, 0.5, 0, 1, 0, 0, 0, 0, 1, 0, 0, 1.0, 1.0, 0, 0, 3, 1, 0, 1.0]"
창조적 사고와 글쓰기,방금단,창의융합학부,공통교양,영역없음,"[1, 0]","[0, 0, 3]","[0, 0, 1, 0, 0]",0.4,0.5,0.5,"[0, 0, 1, 0]",1,0.5,0,"[0.4, 0.5, 0.5, 0, 0, 1, 0, 0, 0, 0, 1, 0, 1.0, 0.5, 0, 0, 3, 1, 0, 0.0]"
창조적 사고와 글쓰기,김자영,창의융합학부,공통교양,영역없음,"[1, 0]","[0, 0, 3]","[0, 1, 0, 0, 0]",0.6,0.5,0,"[0, 1, 0, 0]",0,1,0.4,"[0.6, 0.5, 0.0, 0, 1, 0, 0, 0, 0, 1, 0, 0, 0.0, 1.0, 0, 0, 3, 1, 0, 0.8]"
창조적 사고와 글쓰기,송용구,창의융합학부,공통교양,영역없음,"[0, 1]","[0, 0, 3]","[0, 1, 0, 0, 0]",0.6,0.5,0,"[0, 1, 0, 0]",0,1,0.5,"[0.6, 0.5, 0.0, 0, 1, 0, 0, 0, 0, 1, 0, 0, 0.0, 1.0, 0, 0, 3, 0, 1, 1.0]"
창조적 사고와 글쓰기,이윤경,창의융합학부,공통교양,영역없음,"[0, 1]","[0, 0, 3]","[0, 0, 1, 0, 0]",0.4,0.5,0.5,"[0, 0, 1, 0]",1,0.5,0,"[0.4, 0.5, 0.5, 0, 0, 1, 0, 0, 0, 0, 1, 0, 1.0, 0.5, 0, 0, 3, 0, 1, 0.0]"
창조적 사고와 글쓰기,정슬아,창의융합학부,공통교양,영역없음,"[0, 1]","[0, 0, 3]","[0, 1, 0, 0, 0]",0.6,0.5,0.5,"[0, 1, 0, 0]",1,1,0.5,"[0.6, 0.5, 0.5, 0, 1, 0, 0, 0, 0, 1, 0, 0, 1.0, 1.0, 0, 0, 3, 0, 1, 1.0]"
창조적 사고와 글쓰기,이윤경,창의융합학부,공통교양,영역없음,"[0, 1]","[0, 0, 3]","[0, 0, 1, 0, 0]",0.4,0.5,0.5,"[0, 0, 1, 0]",1,0.5,0,"[0.4, 0.5, 0.5, 0, 0, 1, 0, 0, 0, 0, 1, 0, 1.0, 0.5, 0, 0, 3, 0, 1, 0.0]"
창조적 사고와 글쓰기,신희경,창의융합학부,공통교양,영역없음,"[0, 1]","[0, 0, 3]","[0, 0, 1, 0, 0]",0.4,0.5,0.5,"[0, 0, 1, 0]",0,1,0,"[0.4, 0.5, 0.5, 0, 0, 1, 0, 0, 0, 0, 1, 0, 0.0, 1.0, 0, 0, 3, 0, 1, 0.0]"
창조적 사고와 글쓰기,정슬아,창의융합학부,공통교양,영역없음,"[0, 1]","[0, 0, 3]","[0, 1, 0, 0, 0]",0.6,0.5,0.5,"[0, 1, 0, 0]",1,1,0.5,"[0.6, 0.5, 0.5, 0, 1, 0, 0, 0, 0, 1, 0, 0, 1.0, 1.0, 0, 0, 3, 0, 1, 1.0]"
창조적 사고와 글쓰기,이윤경,창의융합학부,공통교양,영역없음,"[0, 1]","[0, 0, 3]","[0, 0, 1, 0, 0]",0.4,0.5,0.5,"[0, 0, 1, 0]",1,0.5,0,"[0.4, 0.5, 0.5, 0, 0, 1, 0, 0, 0, 0, 1, 0, 1.0, 0.5, 0, 0, 3, 0, 1, 0.0]"
창조적 사고와 글쓰기,송용구,창의융합학부,공통교양,영역없음,"[0, 1]","[0, 0, 3]","[0, 1, 0, 0, 0]",0.6,0.5,0,"[0, 1, 0, 0]",0,1,0.5,"[0.6, 0.5, 0.0, 0, 1, 0, 0, 0, 0, 1, 0, 0, 0.0, 1.0, 0, 0, 3, 0, 1, 1.0]"
창조적 사고와 글쓰기,신정은,창의융합학부,공통교양,영역없음,"[0, 1]","[0, 0, 3]","[1, 0, 0, 0, 0]",0.6,0.5,0,"[1, 0, 0, 0]",0,1,0.5,"[0.6, 0.5, 0.0, 1, 0, 0, 0, 0, 1, 0, 0, 0, 0.0, 1.0, 0, 0, 3, 0, 1, 1.0]"
창조적 사고와 글쓰기,이윤경,창의융합학부,공통교양,영역없음,"[0, 1]","[0, 0, 3]","[0, 0, 1, 0, 0]",0.4,0.5,0.5,"[0, 0, 1, 0]",1,0.5,0,"[0.4, 0.5, 0.5, 0, 0, 1, 0, 0, 0, 0, 1, 0, 1.0, 0.5, 0, 0, 3, 0, 1, 0.0]"
창조적 사고와 글쓰기,김보람,창의융합학부,공통교양,영역없음,"[0, 1]","[0, 0, 3]","[0, 1, 0, 0, 0]",0.6,0.5,0,"[0, 1, 0, 0]",0,1,0.5,"[0.6, 0.5, 0.0, 0, 1, 0, 0, 0, 0, 1, 0, 0, 0.0, 1.0, 0, 0, 3, 0, 1, 1.0]"
A Journey through Drama and Film,수잔 홀랜드,창의융합학부,공통교양,영어,"[1, 0]","[0, 0, 3]","[1, 0, 0, 0, 0]",0.6,0.5,1,"[0, 1, 0, 0]",0,1,0.5,"[0.6, 0.5, 1.0, 1, 0, 0, 0, 0, 0, 1, 0, 0, 0.0, 1.0, 0, 0, 3, 1, 0, 1.0]"
Short Stories of the World,메스 닐슨,창의융합학부,공통교양,영어,"[1, 0]","[0, 0, 3]","[0, 0, 0, 1, 0]",0.4,0,0,"[0, 1, 0, 0]",0,1,0.4,"[0.4, 0.0, 0.0, 0, 0, 0, 1, 0, 0, 1, 0, 0, 0.0, 1.0, 0, 0, 3, 1, 0, 0.8]"
British Culture and History,올리버 테리,창의융합학부,공통교양,영어,"[0, 1]","[0, 0, 3]","[1, 0, 0, 0, 0]",0.6,0.5,0.5,"[1, 0, 0, 0]",0,1,0.5,"[0.6, 0.5, 0.5, 1, 0, 0, 0, 0, 1, 0, 0, 0, 0.0, 1.0, 0, 0, 3, 0, 1, 1.0]"
Understanding Western Culture,다릴 로스,창의융합학부,공통교양,영어,"[0, 1]","[0, 0, 3]","[1, 0, 0, 0, 0]",0.6,0.5,1,"[0, 1, 0, 0]",0,1,0.5,"[0.6, 0.5, 1.0, 1, 0, 0, 0, 0, 0, 1, 0, 0, 0.0, 1.0, 0, 0, 3, 0, 1, 1.0]"
World News Analysis and Discourse,존 다니엘 맥카시,창의융합학부,공통교양,영어,"[1, 0]","[0, 0, 3]","[0, 0, 1, 0, 0]",0.4,0.5,0.5,"[0, 0, 1, 0]",0,1,0.5,"[0.4, 0.5, 0.5, 0, 0, 1, 0, 0, 0, 0, 1, 0, 0.0, 1.0, 0, 0, 3, 1, 0, 1.0]"
Introduction to Social Psychology,조나단 리스 팬톤,창의융합학부,공통교양,영어,"[1, 0]","[0, 0, 3]","[0, 1, 0, 0, 0]",0.6,1,1,"[0, 1, 0, 0]",0,1,0.4,"[0.6, 1.0, 1.0, 0, 1, 0, 0, 0, 0, 1, 0, 0, 0.0, 1.0, 0, 0, 3, 1, 0, 0.8]"
"Global Communication through Food, Travel & Culture",스티븐 파이겐바움,창의융합학부,공통교양,영어,"[0, 1]","[0, 0, 3]","[0, 0, 0, 1, 0]",0.6,0.5,1,"[0, 1, 0, 0]",0,1,0.5,"[0.6, 0.5, 1.0, 0, 0, 0, 1, 0, 0, 1, 0, 0, 0.0, 1.0, 0, 0, 3, 0, 1, 1.0]"
A Journey through Harry Potter,콜 헌트,창의융합학부,공통교양,영어,"[1, 0]","[0, 0, 3]","[0, 1, 0, 0, 0]",0.6,0.5,0.5,"[0, 1, 0, 0]",1,1,0.5,"[0.6, 0.5, 0.5, 0, 1, 0, 0, 0, 0, 1, 0, 0, 1.0, 1.0, 0, 0, 3, 1, 0, 1.0]"
North American Women in Art,앤드리아 톨레프슨,창의융합학부,공통교양,영어,"[1, 0]","[0, 0, 3]","[1, 0, 0, 0, 0]",0.6,0.5,1,"[1, 0, 0, 0]",0,1,0.5,"[0.6, 0.5, 1.0, 1, 0, 0, 0, 0, 1, 0, 0, 0, 0.0, 1.0, 0, 0, 3, 1, 0, 1.0]"
English Listening on Current Affairs,김장욱,창의융합학부,공통교양,영어,"[0, 1]","[0, 0, 3]","[0, 1, 0, 0, 0]",0.6,0.5,0.5,"[0, 1, 0, 0]",0,1,0.4,"[0.6, 0.5, 0.5, 0, 1, 0, 0, 0, 0, 1, 0, 0, 0.0, 1.0, 0, 0, 3, 0, 1, 0.8]"
Vocabularies and Expressions for English Learners,김장욱,창의융합학부,공통교양,영어,"[1, 0]","[0, 0, 3]","[0, 1, 0, 0, 0]",0.6,1,1,"[1, 0, 0, 0]",0,1,0.4,"[0.6, 1.0, 1.0, 0, 1, 0, 0, 0, 1, 0, 0, 0, 0.0, 1.0, 0, 0, 3, 1, 0, 0.8]"
Elements of the Mystery Story,메스 닐슨,창의융합학부,공통교양,영어,"[0, 1]","[0, 0, 3]","[0, 0, 1, 0, 0]",0.4,0.5,0.5,"[0, 0, 1, 0]",0,1,0.5,"[0.4, 0.5, 0.5, 0, 0, 1, 0, 0, 0, 0, 1, 0, 0.0, 1.0, 0, 0, 3, 0, 1, 1.0]"
A Journey to the Museum,김장욱,창의융합학부,공통교양,영어,"[1, 0]","[0, 0, 3]","[0, 1, 0, 0, 0]",0.6,1,1,"[1, 0, 0, 0]",0,0.5,0.4,"[0.6, 1.0, 1.0, 0, 1, 0, 0, 0, 1, 0, 0, 0, 0.0, 0.5, 0, 0, 3, 1, 0, 0.8]"
Digital Literacy: English for the Web,다릴 로스,창의융합학부,공통교양,영어,"[0, 1]","[0, 0, 3]","[1, 0, 0, 0, 0]",0.6,0,0.5,"[1, 0, 0, 0]",0,1,0.5,"[0.6, 0.0, 0.5, 1, 0, 0, 0, 0, 1, 0, 0, 0, 0.0, 1.0, 0, 0, 3, 0, 1, 1.0]"
American Culture and History,존 다니엘 맥카시,창의융합학부,공통교양,영어,"[1, 0]","[0, 0, 3]","[1, 0, 0, 0, 0]",0.6,1,0.5,"[0, 1, 0, 0]",0,1,0.5,"[0.6, 1.0, 0.5, 1, 0, 0, 0, 0, 0, 1, 0, 0, 0.0, 1.0, 0, 0, 3, 1, 0, 1.0]"
Developing Positive Mind,조나단 리스 팬톤,창의융합학부,공통교양,영어,"[0, 1]","[0, 0, 3]","[1, 0, 0, 0, 0]",0.6,1,0,"[1, 0, 0, 0]",0,1,0.5,"[0.6, 1.0, 0.0, 1, 0, 0, 0, 0, 1, 0, 0, 0, 0.0, 1.0, 0, 0, 3, 0, 1, 1.0]"
Issues in American Justice,존 다니엘 맥카시,창의융합학부,공통교양,영어,"[1, 0]","[0, 0, 3]","[1, 0, 0, 0, 0]",0.6,0.5,0.5,"[1, 0, 0, 0]",1,1,0.5,"[0.6, 0.5, 0.5, 1, 0, 0, 0, 0, 1, 0, 0, 0, 1.0, 1.0, 0, 0, 3, 1, 0, 1.0]"
Dive into Diversity: A Cross-Cultural Journey,조나단 리스 팬톤,창의융합학부,공통교양,영어,"[1, 0]","[0, 0, 3]","[0, 1, 0, 0, 0]",0.6,1,0.5,"[1, 0, 0, 0]",0,1,0.5,"[0.6, 1.0, 0.5, 0, 1, 0, 0, 0, 1, 0, 0, 0, 0.0, 1.0, 0, 0, 3, 1, 0, 1.0]"
International Women's Studies,수잔 홀랜드,창의융합학부,공통교양,영어,"[0, 1]","[0, 0, 3]","[0, 0, 1, 0, 0]",0.4,0.5,0.5,"[0, 0, 1, 0]",0,1,0,"[0.4, 0.5, 0.5, 0, 0, 1, 0, 0, 0, 0, 1, 0, 0.0, 1.0, 0, 0, 3, 0, 1, 0.0]"
Understanding Human Rights,올리버 테리,창의융합학부,공통교양,영어,"[0, 1]","[0, 0, 3]","[1, 0, 0, 0, 0]",0.6,0.5,0.5,"[0, 1, 0, 0]",0,1,0.5,"[0.6, 0.5, 0.5, 1, 0, 0, 0, 0, 0, 1, 0, 0, 0.0, 1.0, 0, 0, 3, 0, 1, 1.0]"
Global Citizenship Education and Global Leadership,로난 맥알리스터,창의융합학부,공통교양,영어,"[1, 0]","[0, 0, 3]","[1, 0, 0, 0, 0]",0.6,0,0.5,"[1, 0, 0, 0]",0,1,0.5,"[0.6, 0.0, 0.5, 1, 0, 0, 0, 0, 1, 0, 0, 0, 0.0, 1.0, 0, 0, 3, 1, 0, 1.0]"
Exploring the World of Sports,스티븐 파이겐바움,창의융합학부,공통교양,영어,"[1, 0]","[0, 0, 3]","[0, 0, 0, 1, 0]",0.6,0.5,0.5,"[0, 1, 0, 0]",0,1,0.5,"[0.6, 0.5, 0.5, 0, 0, 0, 1, 0, 0, 1, 0, 0, 0.0, 1.0, 0, 0, 3, 1, 0, 1.0]"
Basic English Communication,로난 맥알리스터,창의융합학부,공통교양,영어,"[1, 0]","[0, 0, 3]","[1, 0, 0, 0, 0]",0.6,0,1,"[1, 0, 0, 0]",0,1,0.5,"[0.6, 0.0, 1.0, 1, 0, 0, 0, 0, 1, 0, 0, 0, 0.0, 1.0, 0, 0, 3, 1, 0, 1.0]"
Basic English Communication,다릴 로스,창의융합학부,공통교양,영어,"[1, 0]","[0, 0, 3]","[1, 0, 0, 0, 0]",0.6,0,0,"[1, 0, 0, 0]",0,1,0.5,"[0.6, 0.0, 0.0, 1, 0, 0, 0, 0, 1, 0, 0, 0, 0.0, 1.0, 0, 0, 3, 1, 0, 1.0]"
Basic English Communication,스티븐 파이겐바움,창의융합학부,공통교양,영어,"[1, 0]","[0, 0, 3]","[0, 0, 1, 0, 0]",0.6,0,1,"[0, 1, 0, 0]",0,1,0.5,"[0.6, 0.0, 1.0, 0, 0, 1, 0, 0, 0, 1, 0, 0, 0.0, 1.0, 0, 0, 3, 1, 0, 1.0]"
Basic English Communication,앤드리아 톨레프슨,창의융합학부,공통교양,영어,"[1, 0]","[0, 0, 3]","[1, 0, 0, 0, 0]",0.6,0.5,1,"[0, 1, 0, 0]",0,1,0.5,"[0.6, 0.5, 1.0, 1, 0, 0, 0, 0, 0, 1, 0, 0, 0.0, 1.0, 0, 0, 3, 1, 0, 1.0]"
Basic English Communication,메스 닐슨,창의융합학부,공통교양,영어,"[1, 0]","[0, 0, 3]","[0, 0, 0, 1, 0]",0.6,0,0,"[0, 1, 0, 0]",0,1,0.5,"[0.6, 0.0, 0.0, 0, 0, 0, 1, 0, 0, 1, 0, 0, 0.0, 1.0, 0, 0, 3, 1, 0, 1.0]"
Basic English Communication,수잔 홀랜드,창의융합학부,공통교양,영어,"[0, 1]","[0, 0, 3]","[1, 0, 0, 0, 0]",0.6,0,1,"[1, 0, 0, 0]",0,1,0.5,"[0.6, 0.0, 1.0, 1, 0, 0, 0, 0, 1, 0, 0, 0, 0.0, 1.0, 0, 0, 3, 0, 1, 1.0]"
Basic English Communication,콜 헌트,창의융합학부,공통교양,영어,"[0, 1]","[0, 0, 3]","[0, 1, 0, 0, 0]",0.6,0,0.5,"[0, 1, 0, 0]",0,1,0.5,"[0.6, 0.0, 0.5, 0, 1, 0, 0, 0, 0, 1, 0, 0, 0.0, 1.0, 0, 0, 3, 0, 1, 1.0]"
Basic English Communication,존 다니엘 맥카시,창의융합학부,공통교양,영어,"[0, 1]","[0, 0, 3]","[1, 0, 0, 0, 0]",0.6,0,0.5,"[0, 1, 0, 0]",0,1,0.5,"[0.6, 0.0, 0.5, 1, 0, 0, 0, 0, 0, 1, 0, 0, 0.0, 1.0, 0, 0, 3, 0, 1, 1.0]"
Intermediate English Communication,수잔 홀랜드,창의융합학부,공통교양,영어,"[1, 0]","[0, 0, 3]","[1, 0, 0, 0, 0]",0.6,0,1,"[1, 0, 0, 0]",0,1,0.5,"[0.6, 0.0, 1.0, 1, 0, 0, 0, 0, 1, 0, 0, 0, 0.0, 1.0, 0, 0, 3, 1, 0, 1.0]"
Intermediate English Communication,콜 헌트,창의융합학부,공통교양,영어,"[1, 0]","[0, 0, 3]","[0, 0, 1, 0, 0]",0.4,0.5,0.5,"[0, 0, 1, 0]",0,1,0.5,"[0.4, 0.5, 0.5, 0, 0, 1, 0, 0, 0, 0, 1, 0, 0.0, 1.0, 0, 0, 3, 1, 0, 1.0]"
Intermediate English Communication,메스 닐슨,창의융합학부,공통교양,영어,"[1, 0]","[0, 0, 3]","[0, 0, 1, 0, 0]",0.4,0.5,0.5,"[0, 0, 1, 0]",0,1,0.5,"[0.4, 0.5, 0.5, 0, 0, 1, 0, 0, 0, 0, 1, 0, 0.0, 1.0, 0, 0, 3, 1, 0, 1.0]"
Intermediate English Communication,로난 맥알리스터,창의융합학부,공통교양,영어,"[0, 1]","[0, 0, 3]","[1, 0, 0, 0, 0]",0.6,0,0,"[1, 0, 0, 0]",0,1,0.5,"[0.6, 0.0, 0.0, 1, 0, 0, 0, 0, 1, 0, 0, 0, 0.0, 1.0, 0, 0, 3, 0, 1, 1.0]"
Intermediate English Communication,스티븐 파이겐바움,창의융합학부,공통교양,영어,"[0, 1]","[0, 0, 3]","[0, 0, 1, 0, 0]",0.4,0.5,0.5,"[0, 0, 1, 0]",0,1,0.5,"[0.4, 0.5, 0.5, 0, 0, 1, 0, 0, 0, 0, 1, 0, 0.0, 1.0, 0, 0, 3, 0, 1, 1.0]"
Advanced English Communication,로난 맥알리스터,창의융합학부,공통교양,영어,"[0, 1]","[0, 0, 3]","[1, 0, 0, 0, 0]",0.6,0,0,"[1, 0, 0, 0]",0,1,0.5,"[0.6, 0.0, 0.0, 1, 0, 0, 0, 0, 1, 0, 0, 0, 0.0, 1.0, 0, 0, 3, 0, 1, 1.0]"
Advanced English Communication,올리버 테리,창의융합학부,공통교양,영어,"[1, 0]","[0, 0, 3]","[1, 0, 0, 0, 0]",0.6,0,0.5,"[1, 0, 0, 0]",0,1,0.5,"[0.6, 0.0, 0.5, 1, 0, 0, 0, 0, 1, 0, 0, 0, 0.0, 1.0, 0, 0, 3, 1, 0, 1.0]"
ImaginEd: Power of Metaphor and Media in Learning,다릴 로스,창의융합학부,공통교양,영어,"[1, 0]","[0, 0, 3]","[1, 0, 0, 0, 0]",0.6,0,0.5,"[1, 0, 0, 0]",0,1,0.5,"[0.6, 0.0, 0.5, 1, 0, 0, 0, 0, 1, 0, 0, 0, 0.0, 1.0, 0, 0, 3, 1, 0, 1.0]"
"Dystopian Media: Language, Society, and the Future",앤드리아 톨레프슨,창의융합학부,공통교양,영어,"[0, 1]","[0, 0, 3]","[1, 0, 0, 0, 0]",0.2,0.5,1,"[1, 0, 0, 0]",0,1,0.5,"[0.2, 0.5, 1.0, 1, 0, 0, 0, 0, 1, 0, 0, 0, 0.0, 1.0, 0, 0, 3, 0, 1, 1.0]"
Digital Resilience: Fake News and Algorithms,조나단 리스 팬톤,창의융합학부,공통교양,영어,"[0, 1]","[0, 0, 3]","[0, 0, 0, 1, 0]",0.6,0.5,0.5,"[0, 1, 0, 0]",0,1,0.5,"[0.6, 0.5, 0.5, 0, 0, 0, 1, 0, 0, 1, 0, 0, 0.0, 1.0, 0, 0, 3, 0, 1, 1.0]"
Social Media Content Creation,콜 헌트,창의융합학부,공통교양,영어,"[1, 0]","[0, 0, 3]","[0, 1, 0, 0, 0]",0.6,1,0.5,"[0, 1, 0, 0]",0,1,0.5,"[0.6, 1.0, 0.5, 0, 1, 0, 0, 0, 0, 1, 0, 0, 0.0, 1.0, 0, 0, 3, 1, 0, 1.0]"
Navigating Life Overseas,로난 맥알리스터,창의융합학부,공통교양,영어,"[1, 0]","[0, 0, 3]","[1, 0, 0, 0, 0]",0.6,0,1,"[1, 0, 0, 0]",0,1,0.5,"[0.6, 0.0, 1.0, 1, 0, 0, 0, 0, 1, 0, 0, 0, 0.0, 1.0, 0, 0, 3, 1, 0, 1.0]"
Australian Culture and History,올리버 테리,창의융합학부,공통교양,영어,"[1, 0]","[0, 0, 3]","[1, 0, 0, 0, 0]",0.6,0.5,1,"[1, 0, 0, 0]",0,1,0.5,"[0.6, 0.5, 1.0, 1, 0, 0, 0, 0, 1, 0, 0, 0, 0.0, 1.0, 0, 0, 3, 1, 0, 1.0]"
Canadian Culture and History,앤드리아 톨레프슨,창의융합학부,공통교양,영어,"[1, 0]","[0, 0, 3]","[1, 0, 0, 0, 0]",0.2,0.5,1,"[1, 0, 0, 0]",0,1,0.5,"[0.2, 0.5, 1.0, 1, 0, 0, 0, 0, 1, 0, 0, 0, 0.0, 1.0, 0, 0, 3, 1, 0, 1.0]"
Historical Turning Points,올리버 테리,창의융합학부,공통교양,영어,"[1, 0]","[0, 0, 3]","[0, 0, 1, 0, 0]",0.4,0.5,0.5,"[0, 0, 1, 0]",0,1,0.5,"[0.4, 0.5, 0.5, 0, 0, 1, 0, 0, 0, 0, 1, 0, 0.0, 1.0, 0, 0, 3, 1, 0, 1.0]"
공통 중국어,리우 나,창의융합학부,공통교양,제2외국어,"[0, 1]","[0, 0, 3]","[0, 1, 0, 0, 0]",0.6,0.5,0,"[1, 0, 0, 0]",1,1,0.5,"[0.6, 0.5, 0.0, 0, 1, 0, 0, 0, 1, 0, 0, 0, 1.0, 1.0, 0, 0, 3, 0, 1, 1.0]"
공통 중국어,강선화,창의융합학부,공통교양,제2외국어,"[1, 0]","[0, 0, 0]","[0, 1, 0, 0, 0]",0.6,0.5,0,"[0, 1, 0, 0]",1,0.5,0.4,"[0.6, 0.5, 0.0, 0, 1, 0, 0, 0, 0, 1, 0, 0, 1.0, 0.5, 0, 0, 0, 1, 0, 0.8]"
공통 중국어,송향경,창의융합학부,공통교양,제2외국어,"[1, 0]","[0, 0, 3]","[0, 1, 0, 0, 0]",0.6,0.5,0,"[0, 1, 0, 0]",0,1,0.5,"[0.6, 0.5, 0.0, 0, 1, 0, 0, 0, 0, 1, 0, 0, 0.0, 1.0, 0, 0, 3, 1, 0, 1.0]"
공통 중국어,신준호,창의융합학부,공통교양,제2외국어,"[1, 0]","[0, 0, 3]","[0, 1, 0, 0, 0]",0.6,0.5,0.5,"[0, 1, 0, 0]",1,1,0.5,"[0.6, 0.5, 0.5, 0, 1, 0, 0, 0, 0, 1, 0, 0, 1.0, 1.0, 0, 0, 3, 1, 0, 1.0]"
공통 일본어,김현희,창의융합학부,공통교양,제2외국어,"[1, 0]","[0, 0, 3]","[1, 0, 0, 0, 0]",0.6,0.5,0,"[0, 1, 0, 0]",1,1,0.5,"[0.6, 0.5, 0.0, 1, 0, 0, 0, 0, 0, 1, 0, 0, 1.0, 1.0, 0, 0, 3, 1, 0, 1.0]"
공통 일본어,성호현,창의융합학부,공통교양,제2외국어,"[1, 0]","[0, 0, 3]","[0, 1, 0, 0, 0]",0.6,0.5,0,"[0, 1, 0, 0]",1,1,0.5,"[0.6, 0.5, 0.0, 0, 1, 0, 0, 0, 0, 1, 0, 0, 1.0, 1.0, 0, 0, 3, 1, 0, 1.0]"
공통 일본어,이지사,창의융합학부,공통교양,제2외국어,"[0, 1]","[0, 0, 3]","[0, 1, 0, 0, 0]",0.6,0.5,0,"[0, 1, 0, 0]",1,1,0.5,"[0.6, 0.5, 0.0, 0, 1, 0, 0, 0, 0, 1, 0, 0, 1.0, 1.0, 0, 0, 3, 0, 1, 1.0]"
공통 일본어,유혜경,창의융합학부,공통교양,제2외국어,"[0, 1]","[0, 0, 3]","[0, 1, 0, 0, 0]",0.6,0.5,0,"[0, 1, 0, 0]",1,1,0.5,"[0.6, 0.5, 0.0, 0, 1, 0, 0, 0, 0, 1, 0, 0, 1.0, 1.0, 0, 0, 3, 0, 1, 1.0]"
공통 프랑스어,안성은,창의융합학부,공통교양,제2외국어,"[1, 0]","[0, 0, 3]","[0, 1, 0, 0, 0]",0.6,0.5,0,"[0, 1, 0, 0]",0,1,0.4,"[0.6, 0.5, 0.0, 0, 1, 0, 0, 0, 0, 1, 0, 0, 0.0, 1.0, 0, 0, 3, 1, 0, 0.8]"
공통 프랑스어,김고운,창의융합학부,공통교양,제2외국어,"[0, 1]","[0, 0, 3]","[0, 1, 0, 0, 0]",0.6,0.5,0,"[0, 1, 0, 0]",0,1,0.5,"[0.6, 0.5, 0.0, 0, 1, 0, 0, 0, 0, 1, 0, 0, 0.0, 1.0, 0, 0, 3, 0, 1, 1.0]"
공통 독일어,김길웅,창의융합학부,공통교양,제2외국어,"[1, 0]","[0, 0, 3]","[1, 0, 0, 0, 0]",0.6,0,0,"[1, 0, 0, 0]",0,1,0.5,"[0.6, 0.0, 0.0, 1, 0, 0, 0, 0, 1, 0, 0, 0, 0.0, 1.0, 0, 0, 3, 1, 0, 1.0]"
공통 스페인어,조지 부르고스,창의융합학부,공통교양,제2외국어,"[0, 1]","[0, 0, 3]","[0, 1, 0, 0, 0]",0.6,0.5,0,"[0, 1, 0, 0]",0,1,0.5,"[0.6, 0.5, 0.0, 0, 1, 0, 0, 0, 0, 1, 0, 0, 0.0, 1.0, 0, 0, 3, 0, 1, 1.0]"
공통 러시아어,이새봄,창의융합학부,공통교양,제2외국어,"[1, 0]","[0, 0, 3]","[0, 1, 0, 0, 0]",0.6,0.5,0,"[0, 1, 0, 0]",1,1,0.5,"[0.6, 0.5, 0.0, 0, 1, 0, 0, 0, 0, 1, 0, 0, 1.0, 1.0, 0, 0, 3, 1, 0, 1.0]"
C-드라마 중국어,김미라,창의융합학부,공통교양,제2외국어,"[0, 1]","[0, 0, 3]","[0, 1, 0, 0, 0]",0.6,0.5,0.5,"[0, 1, 0, 0]",0,1,0.5,"[0.6, 0.5, 0.5, 0, 1, 0, 0, 0, 0, 1, 0, 0, 0.0, 1.0, 0, 0, 3, 0, 1, 1.0]"
프랑스어로 떠나는 여행,신티아 로랭,창의융합학부,공통교양,제2외국어,"[1, 0]","[0, 0, 3]","[0, 1, 0, 0, 0]",0.6,0.5,0,"[1, 0, 0, 0]",0,1,0.5,"[0.6, 0.5, 0.0, 0, 1, 0, 0, 0, 1, 0, 0, 0, 0.0, 1.0, 0, 0, 3, 1, 0, 1.0]"
공통 베트남어,임도연,창의융합학부,공통교양,제2외국어,"[0, 1]","[0, 0, 3]","[0, 0, 0, 1, 0]",0.4,0.5,0.5,"[0, 1, 0, 0]",0,1,0.5,"[0.4, 0.5, 0.5, 0, 0, 0, 1, 0, 0, 1, 0, 0, 0.0, 1.0, 0, 0, 3, 0, 1, 1.0]"
스페인 문화의 이해,김나현,창의융합학부,공통교양,제2외국어,"[1, 0]","[0, 0, 3]","[0, 1, 0, 0, 0]",0.6,0,0,"[0, 1, 0, 0]",1,1,0.5,"[0.6, 0.0, 0.0, 0, 1, 0, 0, 0, 0, 1, 0, 0, 1.0, 1.0, 0, 0, 3, 1, 0, 1.0]"
K-컬처 중국어,강선화,창의융합학부,공통교양,제2외국어,"[1, 0]","[0, 0, 3]","[0, 1, 0, 0, 0]",0.6,0.5,0,"[0, 1, 0, 0]",1,0.5,0.4,"[0.6, 0.5, 0.0, 0, 1, 0, 0, 0, 0, 1, 0, 0, 1.0, 0.5, 0, 0, 3, 1, 0, 0.8]"
독일어로 떠나는 문화여행,권상희,창의융합학부,공통교양,제2외국어,"[1, 0]","[0, 0, 3]","[1, 0, 0, 0, 0]",0.6,0,0,"[0, 1, 0, 0]",1,1,0.3,"[0.6, 0.0, 0.0, 1, 0, 0, 0, 0, 0, 1, 0, 0, 1.0, 1.0, 0, 0, 3, 1, 0, 0.6]"
대중문화로 배우는 프랑스어,이명은,창의융합학부,공통교양,제2외국어,"[0, 1]","[0, 0, 3]","[1, 0, 0, 0, 0]",0.6,0.5,0,"[0, 1, 0, 0]",1,1,0.4,"[0.6, 0.5, 0.0, 1, 0, 0, 0, 0, 0, 1, 0, 0, 1.0, 1.0, 0, 0, 3, 0, 1, 0.8]"
일본어로 떠나는 문화여행,네고로 유키,창의융합학부,공통교양,제2외국어,"[1, 0]","[0, 0, 3]","[0, 1, 0, 0, 0]",0.6,0,0,"[0, 1, 0, 0]",0,1,0.4,"[0.6, 0.0, 0.0, 0, 1, 0, 0, 0, 0, 1, 0, 0, 0.0, 1.0, 0, 0, 3, 1, 0, 0.8]"
영상으로 배우는 일본,조국,창의융합학부,공통교양,제2외국어,"[1, 0]","[0, 0, 3]","[0, 0, 1, 0, 0]",0.6,0,0.5,"[0, 1, 0, 0]",0,0.5,0.4,"[0.6, 0.0, 0.5, 0, 0, 1, 0, 0, 0, 1, 0, 0, 0.0, 0.5, 0, 0, 3, 1, 0, 0.8]"
베트남어로 떠나는 문화여행,김종욱,창의융합학부,공통교양,제2외국어,"[1, 0]","[0, 0, 3]","[1, 0, 0, 0, 0]",0.6,0.5,1,"[0, 1, 0, 0]",1,1,0.5,"[0.6, 0.5, 1.0, 1, 0, 0, 0, 0, 0, 1, 0, 0, 1.0, 1.0, 0, 0, 3, 1, 0, 1.0]"
실생활 독일어,임병화,창의융합학부,공통교양,제2외국어,"[0, 1]","[0, 0, 3]","[0, 1, 0, 0, 0]",0.6,0,0,"[0, 1, 0, 0]",0,1,0.5,"[0.6, 0.0, 0.0, 0, 1, 0, 0, 0, 0, 1, 0, 0, 0.0, 1.0, 0, 0, 3, 0, 1, 1.0]"
실생활 프랑스어,신티아 로랭,창의융합학부,공통교양,제2외국어,"[0, 1]","[0, 0, 3]","[0, 0, 1, 0, 0]",0.4,0.5,0.5,"[0, 0, 1, 0]",0,1,0.5,"[0.4, 0.5, 0.5, 0, 0, 1, 0, 0, 0, 0, 1, 0, 0.0, 1.0, 0, 0, 3, 0, 1, 1.0]"
실생활 일본어,네고로 유키,창의융합학부,공통교양,제2외국어,"[1, 0]","[0, 0, 3]","[0, 1, 0, 0, 0]",0.6,0,0,"[0, 1, 0, 0]",0,1,0.4,"[0.6, 0.0, 0.0, 0, 1, 0, 0, 0, 0, 1, 0, 0, 0.0, 1.0, 0, 0, 3, 1, 0, 0.8]"
실생활 중국어,리우 나,창의융합학부,공통교양,제2외국어,"[1, 0]","[0, 0, 3]","[0, 1, 0, 0, 0]",0.6,0.5,0,"[0, 1, 0, 0]",0,1,0.4,"[0.6, 0.5, 0.0, 0, 1, 0, 0, 0, 0, 1, 0, 0, 0.0, 1.0, 0, 0, 3, 1, 0, 0.8]"
실생활 스페인어,전수진,창의융합학부,공통교양,제2외국어,"[1, 0]","[0, 0, 3]","[0, 0, 1, 0, 0]",0.6,0,0.5,"[0, 1, 0, 0]",0,1,0.5,"[0.6, 0.0, 0.5, 0, 0, 1, 0, 0, 0, 1, 0, 0, 0.0, 1.0, 0, 0, 3, 1, 0, 1.0]"
실생활 러시아어,남서영,창의융합학부,공통교양,제2외국어,"[0, 1]","[0, 0, 3]","[0, 0, 1, 0, 0]",0.4,0.5,0.5,"[0, 0, 1, 0]",0,1,0.5,"[0.4, 0.5, 0.5, 0, 0, 1, 0, 0, 0, 0, 1, 0, 0.0, 1.0, 0, 0, 3, 0, 1, 1.0]"
공통 개인정보보호와 보안윤리,최주원,창의융합학부,공통교양,SW문해,"[0, 1]","[0, 0, 3]","[1, 0, 0, 0, 0]",0.6,0.5,0.5,"[0, 1, 0, 0]",1,1,0.5,"[0.6, 0.5, 0.5, 1, 0, 0, 0, 0, 0, 1, 0, 0, 1.0, 1.0, 0, 0, 3, 0, 1, 1.0]"
공통 스마트 IT 기술의 현재와 미래,최주원,창의융합학부,공통교양,SW문해,"[0, 1]","[0, 0, 3]","[1, 0, 0, 0, 0]",0.6,0.5,0.5,"[0, 1, 0, 0]",0,1,0.5,"[0.6, 0.5, 0.5, 1, 0, 0, 0, 0, 0, 1, 0, 0, 0.0, 1.0, 0, 0, 3, 0, 1, 1.0]"
컴퓨팅적 사고,문혜영,창의융합학부,공통교양,SW문해,"[1, 0]","[0, 0, 3]","[1, 0, 0, 0, 0]",0.6,0,0.5,"[0, 1, 0, 0]",0,1,0.5,"[0.6, 0.0, 0.5, 1, 0, 0, 0, 0, 0, 1, 0, 0, 0.0, 1.0, 0, 0, 3, 1, 0, 1.0]"
실습으로 배우는 머신러닝,박성오,창의융합학부,공통교양,SW문해,"[1, 0]","[0, 0, 0]","[1, 0, 0, 0, 0]",0.6,0.5,0,"[0, 1, 0, 0]",0,0.5,0.4,"[0.6, 0.5, 0.0, 1, 0, 0, 0, 0, 0, 1, 0, 0, 0.0, 0.5, 0, 0, 0, 1, 0, 0.8]"
인문·사회계열 전공생을 위한 Python 입문,윤태진,창의융합학부,공통교양,SW문해,"[1, 0]","[0, 0, 0]","[1, 0, 0, 0, 0]",0.6,0.5,0,"[0, 1, 0, 0]",0,0.5,0.3,"[0.6, 0.5, 0.0, 1, 0, 0, 0, 0, 0, 1, 0, 0, 0.0, 0.5, 0, 0, 0, 1, 0, 0.6]"
AI시대 데이터 윤리,박서현,창의융합학부,공통교양,SW문해,"[0, 1]","[0, 0, 0]","[0, 1, 0, 0, 0]",0.6,0.5,1,"[1, 0, 0, 0]",0,1,0.5,"[0.6, 0.5, 1.0, 0, 1, 0, 0, 0, 1, 0, 0, 0, 0.0, 1.0, 0, 0, 0, 0, 1, 1.0]"
메타버스와 디지털 패션의 이해,김서영,창의융합학부,공통교양,SW문해,"[1, 0]","[0, 0, 3]","[0, 1, 0, 0, 0]",0.4,0.5,0,"[0, 1, 0, 0]",0,0.5,0.4,"[0.4, 0.5, 0.0, 0, 1, 0, 0, 0, 0, 1, 0, 0, 0.0, 0.5, 0, 0, 3, 1, 0, 0.8]"
AI·디지털리터러시 교육의 이해,노석준,창의융합학부,공통교양,SW문해,"[1, 0]","[0, 0, 0]","[1, 0, 0, 0, 0]",0.6,1,0.5,"[0, 1, 0, 0]",1,0.5,0.2,"[0.6, 1.0, 0.5, 1, 0, 0, 0, 0, 0, 1, 0, 0, 1.0, 0.5, 0, 0, 0, 1, 0, 0.4]"
영상매체와 사운드 디자인,강은경,창의융합학부,공통교양,SW문해,"[1, 0]","[0, 0, 3]","[0, 1, 0, 0, 0]",0.2,1,1,"[0, 1, 0, 0]",0,0.5,0.4,"[0.2, 1.0, 1.0, 0, 1, 0, 0, 0, 0, 1, 0, 0, 0.0, 0.5, 0, 0, 3, 1, 0, 0.8]"
AI와 서비스디자인,김현석,창의융합학부,공통교양,SW문해,"[0, 1]","[0, 0, 3]","[1, 0, 0, 0, 0]",0.4,0.5,0.5,"[0, 1, 0, 0]",1,1,0.5,"[0.4, 0.5, 0.5, 1, 0, 0, 0, 0, 0, 1, 0, 0, 1.0, 1.0, 0, 0, 3, 0, 1, 1.0]"
AI활용 소셜미디어 마케팅,오세정,창의융합학부,공통교양,SW문해,"[1, 0]","[0, 0, 3]","[1, 0, 0, 0, 0]",0.6,1,1,"[0, 1, 0, 0]",0,0.5,0.3,"[0.6, 1.0, 1.0, 1, 0, 0, 0, 0, 0, 1, 0, 0, 0.0, 0.5, 0, 0, 3, 1, 0, 0.6]"
블록체인 경제와 디지털 자산혁명,심선영,창의융합학부,공통교양,경험적수리적추리,"[1, 0]","[0, 0, 0]","[1, 0, 0, 0, 0]",0.6,0,0,"[0, 1, 0, 0]",0,1,0.5,"[0.6, 0.0, 0.0, 1, 0, 0, 0, 0, 0, 1, 0, 0, 0.0, 1.0, 0, 0, 0, 1, 0, 1.0]"
동∙서 철학의 만남,박준영,창의융합학부,핵심교양,인식과가치,"[0, 1]","[0, 0, 3]","[1, 0, 0, 0, 0]",0.6,0,0,"[0, 1, 0, 0]",1,1,0.5,"[0.6, 0.0, 0.0, 1, 0, 0, 0, 0, 0, 1, 0, 0, 1.0, 1.0, 0, 0, 3, 0, 1, 1.0]"
비판적 사고 기초,배식한,창의융합학부,핵심교양,인식과가치,"[1, 0]","[0, 0, 3]","[1, 0, 0, 0, 0]",0.6,0,0,"[0, 1, 0, 0]",0,0.5,0.5,"[0.6, 0.0, 0.0, 1, 0, 0, 0, 0, 0, 1, 0, 0, 0.0, 0.5, 0, 0, 3, 1, 0, 1.0]"
한글 맞춤법과 국어 능력,정종수,창의융합학부,핵심교양,인식과가치,"[1, 0]","[0, 0, 3]","[0, 1, 0, 0, 0]",0.6,0.5,0,"[1, 0, 0, 0]",0,1,0.5,"[0.6, 0.5, 0.0, 0, 1, 0, 0, 0, 1, 0, 0, 0, 0.0, 1.0, 0, 0, 3, 1, 0, 1.0]"
과학기술 사회의 생명윤리,이경희,창의융합학부,핵심교양,인식과가치,"[1, 0]","[0, 0, 0]","[1, 0, 0, 0, 0]",0.4,0.5,0,"[0, 1, 0, 0]",0,0.5,0.4,"[0.4, 0.5, 0.0, 1, 0, 0, 0, 0, 0, 1, 0, 0, 0.0, 0.5, 0, 0, 0, 1, 0, 0.8]"
현대인의 정신 건강,이정윤,창의융합학부,핵심교양,인식과가치,"[1, 0]","[0, 0, 0]","[1, 0, 0, 0, 0]",0.6,0,0,"[0, 1, 0, 0]",0,1,0.5,"[0.6, 0.0, 0.0, 1, 0, 0, 0, 0, 0, 1, 0, 0, 0.0, 1.0, 0, 0, 0, 1, 0, 1.0]"
대중 문화 예술 산책,윤상호,창의융합학부,핵심교양,인식과가치,"[1, 0]","[0, 0, 3]","[1, 0, 0, 0, 0]",0.6,0.5,0.5,"[0, 1, 0, 0]",0,1,0.4,"[0.6, 0.5, 0.5, 1, 0, 0, 0, 0, 0, 1, 0, 0, 0.0, 1.0, 0, 0, 3, 1, 0, 0.8]"
자존감 수업,이아람,창의융합학부,핵심교양,인식과가치,"[0, 1]","[0, 0, 3]","[1, 0, 0, 0, 0]",0.4,0.5,1,"[0, 1, 0, 0]",1,1,0.5,"[0.4, 0.5, 1.0, 1, 0, 0, 0, 0, 0, 1, 0, 0, 1.0, 1.0, 0, 0, 3, 0, 1, 1.0]"
철학으로의 초대,배식한,창의융합학부,핵심교양,인식과가치,"[0, 1]","[0, 0, 3]","[1, 0, 0, 0, 0]",0.6,0,0,"[0, 1, 0, 0]",0,0.5,0.4,"[0.6, 0.0, 0.0, 1, 0, 0, 0, 0, 0, 1, 0, 0, 0.0, 0.5, 0, 0, 3, 0, 1, 0.8]"
삶과 죽음의 이해,임성훈,창의융합학부,핵심교양,인식과가치,"[0, 1]","[0, 0, 3]","[1, 0, 0, 0, 0]",0.6,0,0,"[0, 1, 0, 0]",1,1,0.5,"[0.6, 0.0, 0.0, 1, 0, 0, 0, 0, 0, 1, 0, 0, 1.0, 1.0, 0, 0, 3, 0, 1, 1.0]"
문화인류학으로 세상보기,김길웅,창의융합학부,핵심교양,인식과가치,"[1, 0]","[0, 0, 0]","[1, 0, 0, 0, 0]",0.6,0,0,"[1, 0, 0, 0]",0,0.5,0.4,"[0.6, 0.0, 0.0, 1, 0, 0, 0, 0, 1, 0, 0, 0, 0.0, 0.5, 0, 0, 0, 1, 0, 0.8]"
공동체 공유가치의 이해와 실천,김선주,창의융합학부,핵심교양,인식과가치,"[1, 0]","[0, 0, 3]","[0, 1, 0, 0, 0]",0.6,0.5,0,"[0, 1, 0, 0]",0,1,0.5,"[0.6, 0.5, 0.0, 0, 1, 0, 0, 0, 0, 1, 0, 0, 0.0, 1.0, 0, 0, 3, 1, 0, 1.0]"
뉴스 바로 보기,김진각,창의융합학부,핵심교양,인식과가치,"[0, 1]","[0, 0, 3]","[0, 1, 0, 0, 0]",0.6,0.5,0,"[0, 1, 0, 0]",0,1,0.5,"[0.6, 0.5, 0.0, 0, 1, 0, 0, 0, 0, 1, 0, 0, 0.0, 1.0, 0, 0, 3, 0, 1, 1.0]"
주제로 읽는 명저: 인문학,안상연,창의융합학부,핵심교양,인식과가치,"[0, 1]","[0, 0, 3]","[1, 0, 0, 0, 0]",0.4,0.5,0.5,"[1, 0, 0, 0]",1,1,0.5,"[0.4, 0.5, 0.5, 1, 0, 0, 0, 0, 1, 0, 0, 0, 1.0, 1.0, 0, 0, 3, 0, 1, 1.0]"
기업 사회공헌 활동의 이해와 전망,서경덕,창의융합학부,핵심교양,인식과가치,"[0, 1]","[0, 0, 3]","[0, 1, 0, 0, 0]",0.6,0,0.5,"[1, 0, 0, 0]",0,1,0.5,"[0.6, 0.0, 0.5, 0, 1, 0, 0, 0, 1, 0, 0, 0, 0.0, 1.0, 0, 0, 3, 0, 1, 1.0]"
포스트휴머니즘의 이해,석기용,창의융합학부,핵심교양,인식과가치,"[1, 0]","[0, 0, 0]","[1, 0, 0, 0, 0]",0.6,0.5,0,"[0, 1, 0, 0]",0,1,0.5,"[0.6, 0.5, 0.0, 1, 0, 0, 0, 0, 0, 1, 0, 0, 0.0, 1.0, 0, 0, 0, 1, 0, 1.0]"
키워드로 읽는 여성학 Ⅰ,김미덕,창의융합학부,핵심교양,인식과가치,"[1, 0]","[0, 0, 3]","[1, 0, 0, 0, 0]",0.4,0.5,0,"[0, 1, 0, 0]",1,1,0.5,"[0.4, 0.5, 0.0, 1, 0, 0, 0, 0, 0, 1, 0, 0, 1.0, 1.0, 0, 0, 3, 1, 0, 1.0]"
키워드로 읽는 여성학 Ⅱ,김미덕,창의융합학부,핵심교양,인식과가치,"[0, 1]","[0, 0, 3]","[1, 0, 0, 0, 0]",0.4,0.5,0,"[0, 1, 0, 0]",1,1,0.4,"[0.4, 0.5, 0.0, 1, 0, 0, 0, 0, 0, 1, 0, 0, 1.0, 1.0, 0, 0, 3, 0, 1, 0.8]"
인공지능과 윤리,김도형,창의융합학부,핵심교양,인식과가치,"[1, 0]","[0, 0, 0]","[0, 0, 0, 0, 1]",0.6,0,0,"[0, 1, 0, 0]",1,0.5,0.4,"[0.6, 0.0, 0.0, 0, 0, 0, 0, 1, 0, 1, 0, 0, 1.0, 0.5, 0, 0, 0, 1, 0, 0.8]"
기호논리학 개론,석기용,창의융합학부,핵심교양,인식과가치,"[0, 1]","[0, 0, 3]","[1, 0, 0, 0, 0]",0.6,0,0,"[0, 1, 0, 0]",1,1,0.5,"[0.6, 0.0, 0.0, 1, 0, 0, 0, 0, 0, 1, 0, 0, 1.0, 1.0, 0, 0, 3, 0, 1, 1.0]"
인문학적 글쓰기,이윤경,창의융합학부,핵심교양,인식과가치,"[1, 0]","[0, 0, 3]","[0, 1, 0, 0, 0]",0.4,0.5,0,"[1, 0, 0, 0]",0,1,0.5,"[0.4, 0.5, 0.0, 0, 1, 0, 0, 0, 1, 0, 0, 0, 0.0, 1.0, 0, 0, 3, 1, 0, 1.0]"
철학적 치유와 정신 건강,석기용,창의융합학부,핵심교양,인식과가치,"[1, 0]","[0, 0, 3]","[1, 0, 0, 0, 0]",0.6,0.5,0,"[0, 1, 0, 0]",0,1,0.5,"[0.6, 0.5, 0.0, 1, 0, 0, 0, 0, 0, 1, 0, 0, 0.0, 1.0, 0, 0, 3, 1, 0, 1.0]"
미학의 이해,임성훈,창의융합학부,핵심교양,문학과예술,"[1, 0]","[0, 0, 3]","[0, 1, 0, 0, 0]",0.6,0,0,"[0, 1, 0, 0]",1,1,0.5,"[0.6, 0.0, 0.0, 0, 1, 0, 0, 0, 0, 1, 0, 0, 1.0, 1.0, 0, 0, 3, 1, 0, 1.0]"
영화 스토리텔링의 이해,박소연,창의융합학부,핵심교양,문학과예술,"[0, 1]","[0, 0, 3]","[0, 1, 0, 0, 0]",0.6,0.5,0,"[0, 1, 0, 0]",1,1,0.5,"[0.6, 0.5, 0.0, 0, 1, 0, 0, 0, 0, 1, 0, 0, 1.0, 1.0, 0, 0, 3, 0, 1, 1.0]"
세계 복식과 패션정보,이정명,창의융합학부,핵심교양,문학과예술,"[0, 1]","[0, 0, 3]","[0, 1, 0, 0, 0]",0.6,0.5,0,"[0, 1, 0, 0]",1,1,0.4,"[0.6, 0.5, 0.0, 0, 1, 0, 0, 0, 0, 1, 0, 0, 1.0, 1.0, 0, 0, 3, 0, 1, 0.8]"
글로벌 시대와 한국 문학,김혜련,창의융합학부,핵심교양,문학과예술,"[1, 0]","[0, 0, 0]","[1, 0, 0, 0, 0]",0.6,1,1,"[0, 1, 0, 0]",0,1,0.4,"[0.6, 1.0, 1.0, 1, 0, 0, 0, 0, 0, 1, 0, 0, 0.0, 1.0, 0, 0, 0, 1, 0, 0.8]"
프랑스 문화와 예술,곽민석,창의융합학부,핵심교양,문학과예술,"[1, 0]","[0, 0, 3]","[0, 1, 0, 0, 0]",0.4,0.5,0,"[0, 1, 0, 0]",0,1,0.4,"[0.4, 0.5, 0.0, 0, 1, 0, 0, 0, 0, 1, 0, 0, 0.0, 1.0, 0, 0, 3, 1, 0, 0.8]"
미술로 표현된 신체,임성훈,창의융합학부,핵심교양,문학과예술,"[1, 0]","[0, 0, 3]","[0, 1, 0, 0, 0]",0.6,0,0,"[0, 1, 0, 0]",1,1,0.5,"[0.6, 0.0, 0.0, 0, 1, 0, 0, 0, 0, 1, 0, 0, 1.0, 1.0, 0, 0, 3, 1, 0, 1.0]"
힐링이 있는 클래식 음악,배수영,창의융합학부,핵심교양,문학과예술,"[0, 1]","[0, 0, 3]","[1, 0, 0, 0, 0]",0.6,0,0.5,"[0, 1, 0, 0]",1,1,0.5,"[0.6, 0.0, 0.5, 1, 0, 0, 0, 0, 0, 1, 0, 0, 1.0, 1.0, 0, 0, 3, 0, 1, 1.0]"
오페라의 이해,오유석,창의융합학부,핵심교양,문학과예술,"[0, 1]","[0, 0, 3]","[1, 0, 0, 0, 0]",0.6,0.5,0,"[0, 1, 0, 0]",0,1,0.5,"[0.6, 0.5, 0.0, 1, 0, 0, 0, 0, 0, 1, 0, 0, 0.0, 1.0, 0, 0, 3, 0, 1, 1.0]"
"클릭, 생활 속의 현대미술",구진경,창의융합학부,핵심교양,문학과예술,"[0, 1]","[0, 0, 3]","[0, 1, 0, 0, 0]",0.6,0.5,0,"[0, 1, 0, 0]",0,0.5,0.5,"[0.6, 0.5, 0.0, 0, 1, 0, 0, 0, 0, 1, 0, 0, 0.0, 0.5, 0, 0, 3, 0, 1, 1.0]"
문학과 시대 읽기,김길웅,창의융합학부,핵심교양,문학과예술,"[1, 0]","[0, 0, 0]","[1, 0, 0, 0, 0]",0.4,0,0,"[1, 0, 0, 0]",0,0.5,0.4,"[0.4, 0.0, 0.0, 1, 0, 0, 0, 0, 1, 0, 0, 0, 0.0, 0.5, 0, 0, 0, 1, 0, 0.8]"
서양 음악의 이해,이혜진,창의융합학부,핵심교양,문학과예술,"[0, 1]","[0, 0, 0]","[1, 0, 0, 0, 0]",0.6,0,0,"[1, 0, 0, 0]",0,1,0.4,"[0.6, 0.0, 0.0, 1, 0, 0, 0, 0, 1, 0, 0, 0, 0.0, 1.0, 0, 0, 0, 0, 1, 0.8]"
주제로 읽는 명저: 문화예술,오세준,창의융합학부,핵심교양,문학과예술,"[1, 0]","[0, 0, 3]","[0, 1, 0, 0, 0]",1,1,0,"[0, 1, 0, 0]",1,0.5,0.3,"[1.0, 1.0, 0.0, 0, 1, 0, 0, 0, 0, 1, 0, 0, 1.0, 0.5, 0, 0, 3, 1, 0, 0.6]"
무용과 인간,박현숙,창의융합학부,핵심교양,문학과예술,"[0, 1]","[0, 0, 3]","[0, 0, 1, 0, 0]",0.4,0.5,0.5,"[0, 0, 1, 0]",0,1,0.5,"[0.4, 0.5, 0.5, 0, 0, 1, 0, 0, 0, 0, 1, 0, 0.0, 1.0, 0, 0, 3, 0, 1, 1.0]"
영화 예술 입문,박상우,창의융합학부,핵심교양,문학과예술,"[1, 0]","[0, 0, 3]","[0, 1, 0, 0, 0]",0.4,0.5,0,"[0, 1, 0, 0]",0,0.5,0.5,"[0.4, 0.5, 0.0, 0, 1, 0, 0, 0, 0, 1, 0, 0, 0.0, 0.5, 0, 0, 3, 1, 0, 1.0]"
신화와 함께하는 삶,김나영,창의융합학부,핵심교양,문학과예술,"[1, 0]","[0, 0, 0]","[1, 0, 0, 0, 0]",0.6,0.5,0,"[0, 1, 0, 0]",1,0.5,0.4,"[0.6, 0.5, 0.0, 1, 0, 0, 0, 0, 0, 1, 0, 0, 1.0, 0.5, 0, 0, 0, 1, 0, 0.8]"
동양미학의 이해,한경애,창의융합학부,핵심교양,문학과예술,"[1, 0]","[0, 0, 3]","[0, 1, 0, 0, 0]",0.6,0.5,0.5,"[0, 1, 0, 0]",1,1,0.4,"[0.6, 0.5, 0.5, 0, 1, 0, 0, 0, 0, 1, 0, 0, 1.0, 1.0, 0, 0, 3, 1, 0, 0.8]"
동아시아 문학의 비교,송향경,창의융합학부,핵심교양,문학과예술,"[1, 0]","[0, 0, 0]","[1, 0, 0, 0, 0]",0.4,0.5,0,"[0, 1, 0, 0]",0,1,0.5,"[0.4, 0.5, 0.0, 1, 0, 0, 0, 0, 0, 1, 0, 0, 0.0, 1.0, 0, 0, 0, 1, 0, 1.0]"
조선 문인들이 사랑한 나의 집,강혜선,창의융합학부,핵심교양,문학과예술,"[1, 0]","[0, 0, 0]","[1, 0, 0, 0, 0]",1,0.5,0,"[0, 1, 0, 0]",0,1,0.4,"[1.0, 0.5, 0.0, 1, 0, 0, 0, 0, 0, 1, 0, 0, 0.0, 1.0, 0, 0, 0, 1, 0, 0.8]"
전쟁사,나익성,창의융합학부,핵심교양,역사의해석,"[1, 0]","[0, 0, 3]","[0, 1, 0, 0, 0]",0.6,0.5,0.5,"[0, 1, 0, 0]",1,1,0.5,"[0.6, 0.5, 0.5, 0, 1, 0, 0, 0, 0, 1, 0, 0, 1.0, 1.0, 0, 0, 3, 1, 0, 1.0]"
세계문화유산으로 보는 한국의 역사와 문화,강호선,창의융합학부,핵심교양,역사의해석,"[1, 0]","[0, 0, 0]","[1, 0, 0, 0, 0]",0.6,0,0,"[0, 1, 0, 0]",0,0.5,0.4,"[0.6, 0.0, 0.0, 1, 0, 0, 0, 0, 0, 1, 0, 0, 0.0, 0.5, 0, 0, 0, 1, 0, 0.8]"
동아시아의 역사와 문화,이유진,창의융합학부,핵심교양,역사의해석,"[0, 1]","[0, 0, 3]","[0, 1, 0, 0, 0]",0.6,0.5,0,"[0, 1, 0, 0]",0,1,0.5,"[0.6, 0.5, 0.0, 0, 1, 0, 0, 0, 0, 1, 0, 0, 0.0, 1.0, 0, 0, 3, 0, 1, 1.0]"
과학기술사,김현준,창의융합학부,핵심교양,역사의해석,"[0, 1]","[0, 0, 3]","[1, 0, 0, 0, 0]",0.6,0,0,"[0, 1, 0, 0]",1,1,0.3,"[0.6, 0.0, 0.0, 1, 0, 0, 0, 0, 0, 1, 0, 0, 1.0, 1.0, 0, 0, 3, 0, 1, 0.6]"
문화와 일상으로 본 서양사,오경환,창의융합학부,핵심교양,역사의해석,"[1, 0]","[0, 0, 0]","[1, 0, 0, 0, 0]",0.6,0,0,"[0, 1, 0, 0]",0,0.5,0.4,"[0.6, 0.0, 0.0, 1, 0, 0, 0, 0, 0, 1, 0, 0, 0.0, 0.5, 0, 0, 0, 1, 0, 0.8]"
동양 고전의 산책,김용재,창의융합학부,핵심교양,역사의해석,"[0, 1]","[0, 0, 0]","[0, 1, 0, 0, 0]",0.6,0,0,"[0, 1, 0, 0]",1,0.5,0.5,"[0.6, 0.0, 0.0, 0, 1, 0, 0, 0, 0, 1, 0, 0, 1.0, 0.5, 0, 0, 0, 0, 1, 1.0]"
테마로 보는 전통문화,조순자,창의융합학부,핵심교양,역사의해석,"[1, 0]","[0, 0, 3]","[0, 1, 0, 0, 0]",0.6,0.5,0,"[1, 0, 0, 0]",1,1,0.5,"[0.6, 0.5, 0.0, 0, 1, 0, 0, 0, 1, 0, 0, 0, 1.0, 1.0, 0, 0, 3, 1, 0, 1.0]"
한국사 입문,전세영,창의융합학부,핵심교양,역사의해석,"[1, 0]","[0, 0, 3]","[0, 1, 0, 0, 0]",0.6,0,0,"[0, 1, 0, 0]",0,1,0.5,"[0.6, 0.0, 0.0, 0, 1, 0, 0, 0, 0, 1, 0, 0, 0.0, 1.0, 0, 0, 3, 1, 0, 1.0]"
미디어로 일본 문화 읽기,유양근,창의융합학부,핵심교양,역사의해석,"[0, 1]","[0, 0, 3]","[0, 1, 0, 0, 0]",0.6,0,0,"[0, 1, 0, 0]",1,1,0.5,"[0.6, 0.0, 0.0, 0, 1, 0, 0, 0, 0, 1, 0, 0, 1.0, 1.0, 0, 0, 3, 0, 1, 1.0]"
역사와 현실,홍석률,창의융합학부,핵심교양,역사의해석,"[1, 0]","[0, 0, 0]","[0, 1, 0, 0, 0]",0.6,0.5,0,"[0, 1, 0, 0]",0,1,0.5,"[0.6, 0.5, 0.0, 0, 1, 0, 0, 0, 0, 1, 0, 0, 0.0, 1.0, 0, 0, 0, 1, 0, 1.0]"
문화콘텐츠 도시의 이해와 전망,서경덕,창의융합학부,핵심교양,역사의해석,"[1, 0]","[0, 0, 3]","[0, 1, 0, 0, 0]",0.6,0,0.5,"[0, 1, 0, 0]",0,0.5,0.4,"[0.6, 0.0, 0.5, 0, 1, 0, 0, 0, 0, 1, 0, 0, 0.0, 0.5, 0, 0, 3, 1, 0, 0.8]"
영화로 이해하는 한국사,이규철,창의융합학부,핵심교양,역사의해석,"[1, 0]","[0, 0, 0]","[1, 0, 0, 0, 0]",0.4,0.5,0,"[0, 1, 0, 0]",0,1,0.5,"[0.4, 0.5, 0.0, 1, 0, 0, 0, 0, 0, 1, 0, 0, 0.0, 1.0, 0, 0, 0, 1, 0, 1.0]"
"우리, 독립운동을 이야기하다",이규수,창의융합학부,핵심교양,역사의해석,"[1, 0]","[0, 0, 3]","[1, 0, 0, 0, 0]",0.2,0,0,"[1, 0, 0, 0]",0,1,0.5,"[0.2, 0.0, 0.0, 1, 0, 0, 0, 0, 1, 0, 0, 0, 0.0, 1.0, 0, 0, 3, 1, 0, 1.0]"
생활 속의 법적 분쟁과 해결,최우령,창의융합학부,핵심교양,사회의이해,"[1, 0]","[0, 0, 3]","[1, 0, 0, 0, 0]",0.4,0.5,0,"[0, 1, 0, 0]",0,1,0.5,"[0.4, 0.5, 0.0, 1, 0, 0, 0, 0, 0, 1, 0, 0, 0.0, 1.0, 0, 0, 3, 1, 0, 1.0]"
현대 사회와 소외,김선주,창의융합학부,핵심교양,사회의이해,"[0, 1]","[0, 0, 3]","[0, 1, 0, 0, 0]",0.6,0.5,0,"[1, 0, 0, 0]",0,1,0.5,"[0.6, 0.5, 0.0, 0, 1, 0, 0, 0, 1, 0, 0, 0, 0.0, 1.0, 0, 0, 3, 0, 1, 1.0]"
국가안보론,정방호,창의융합학부,핵심교양,사회의이해,"[1, 0]","[0, 0, 3]","[1, 0, 0, 0, 0]",0.6,0.5,0,"[0, 1, 0, 0]",0,1,0.5,"[0.6, 0.5, 0.0, 1, 0, 0, 0, 0, 0, 1, 0, 0, 0.0, 1.0, 0, 0, 3, 1, 0, 1.0]"
국가안보론,나익성,창의융합학부,핵심교양,사회의이해,"[0, 1]","[0, 0, 3]","[0, 1, 0, 0, 0]",0.6,0.5,0.5,"[0, 1, 0, 0]",1,1,0.5,"[0.6, 0.5, 0.5, 0, 1, 0, 0, 0, 0, 1, 0, 0, 1.0, 1.0, 0, 0, 3, 0, 1, 1.0]"
북한학,정방호,창의융합학부,핵심교양,사회의이해,"[1, 0]","[0, 0, 3]","[1, 0, 0, 0, 0]",0.6,0.5,0,"[0, 1, 0, 0]",0,1,0.5,"[0.6, 0.5, 0.0, 1, 0, 0, 0, 0, 0, 1, 0, 0, 0.0, 1.0, 0, 0, 3, 1, 0, 1.0]"
소비자트렌드와 소비자보호,박배진,창의융합학부,핵심교양,사회의이해,"[0, 1]","[0, 0, 3]","[1, 0, 0, 0, 0]",0.6,0.5,0.5,"[0, 1, 0, 0]",0,1,0.4,"[0.6, 0.5, 0.5, 1, 0, 0, 0, 0, 0, 1, 0, 0, 0.0, 1.0, 0, 0, 3, 0, 1, 0.8]"
중국의 사상과 문화,신준호,창의융합학부,핵심교양,사회의이해,"[1, 0]","[0, 0, 3]","[0, 1, 0, 0, 0]",0.6,0.5,0,"[0, 1, 0, 0]",1,1,0.5,"[0.6, 0.5, 0.0, 0, 1, 0, 0, 0, 0, 1, 0, 0, 1.0, 1.0, 0, 0, 3, 1, 0, 1.0]"
글로벌 국가브랜드의 의미와 이해,서경덕,창의융합학부,핵심교양,사회의이해,"[1, 0]","[0, 0, 3]","[0, 1, 0, 0, 0]",0.6,0,0.5,"[0, 1, 0, 0]",0,1,0.4,"[0.6, 0.0, 0.5, 0, 1, 0, 0, 0, 0, 1, 0, 0, 0.0, 1.0, 0, 0, 3, 1, 0, 0.8]"
음식과 문화 이야기,고성희,창의융합학부,핵심교양,사회의이해,"[1, 0]","[0, 0, 0]","[1, 0, 0, 0, 0]",0.6,0.5,0,"[0, 1, 0, 0]",0,1,0.5,"[0.6, 0.5, 0.0, 1, 0, 0, 0, 0, 0, 1, 0, 0, 0.0, 1.0, 0, 0, 0, 1, 0, 1.0]"
헌법: 갈등 해결의 코드,김연식,창의융합학부,핵심교양,사회의이해,"[1, 0]","[0, 0, 0]","[1, 0, 0, 0, 0]",0.6,0,0,"[0, 1, 0, 0]",0,1,0.5,"[0.6, 0.0, 0.0, 1, 0, 0, 0, 0, 0, 1, 0, 0, 0.0, 1.0, 0, 0, 0, 1, 0, 1.0]"
사례로 이해하는 국제관계와 법,권현호,창의융합학부,핵심교양,사회의이해,"[1, 0]","[0, 0, 0]","[1, 0, 0, 0, 0]",0.4,0,0,"[0, 1, 0, 0]",0,1,0.5,"[0.4, 0.0, 0.0, 1, 0, 0, 0, 0, 0, 1, 0, 0, 0.0, 1.0, 0, 0, 0, 1, 0, 1.0]"
경영학 개론,황성욱,창의융합학부,핵심교양,사회의이해,"[1, 0]","[0, 0, 0]","[1, 0, 0, 0, 0]",0.6,1,0,"[0, 1, 0, 0]",0,1,0.5,"[0.6, 1.0, 0.0, 1, 0, 0, 0, 0, 0, 1, 0, 0, 0.0, 1.0, 0, 0, 0, 1, 0, 1.0]"
일본 문화의 이해,다케우치 노리아키,창의융합학부,핵심교양,사회의이해,"[0, 1]","[0, 0, 3]","[1, 0, 0, 0, 0]",0.6,0,0,"[0, 1, 0, 0]",0,1,0.5,"[0.6, 0.0, 0.0, 1, 0, 0, 0, 0, 0, 1, 0, 0, 0.0, 1.0, 0, 0, 3, 0, 1, 1.0]"
현대인의 여가 문화,김우정,창의융합학부,핵심교양,사회의이해,"[1, 0]","[0, 0, 3]","[1, 0, 0, 0, 0]",0.6,0.5,0,"[0, 1, 0, 0]",1,0.5,0.4,"[0.6, 0.5, 0.0, 1, 0, 0, 0, 0, 0, 1, 0, 0, 1.0, 0.5, 0, 0, 3, 1, 0, 0.8]"
주거 문화의 이해,김진영,창의융합학부,핵심교양,사회의이해,"[1, 0]","[0, 0, 3]","[0, 1, 0, 0, 0]",0.6,0.5,0,"[0, 1, 0, 0]",0,0.5,0.4,"[0.6, 0.5, 0.0, 0, 1, 0, 0, 0, 0, 1, 0, 0, 0.0, 0.5, 0, 0, 3, 1, 0, 0.8]"
인물로 만나는 페미니즘,김미덕,창의융합학부,핵심교양,사회의이해,"[1, 0]","[0, 0, 0]","[1, 0, 0, 0, 0]",0.6,0,0,"[0, 1, 0, 0]",0,1,0.5,"[0.6, 0.0, 0.0, 1, 0, 0, 0, 0, 0, 1, 0, 0, 0.0, 1.0, 0, 0, 0, 1, 0, 1.0]"
대중문화 속의 여성과 페미니즘,김미덕,창의융합학부,핵심교양,사회의이해,"[1, 0]","[0, 0, 3]","[1, 0, 0, 0, 0]",0.4,0.5,0,"[0, 1, 0, 0]",1,1,0.5,"[0.4, 0.5, 0.0, 1, 0, 0, 0, 0, 0, 1, 0, 0, 1.0, 1.0, 0, 0, 3, 1, 0, 1.0]"
사회적 이슈의 찬반 논쟁,정영선,창의융합학부,핵심교양,사회의이해,"[1, 0]","[0, 0, 0]","[1, 0, 0, 0, 0]",0.6,1,0,"[0, 1, 0, 0]",0,1,0.5,"[0.6, 1.0, 0.0, 1, 0, 0, 0, 0, 0, 1, 0, 0, 0.0, 1.0, 0, 0, 0, 1, 0, 1.0]"
가족과 젠더,박주희,창의융합학부,핵심교양,사회의이해,"[0, 1]","[0, 0, 3]","[0, 1, 0, 0, 0]",0.6,0.5,0,"[0, 1, 0, 0]",0,1,0.5,"[0.6, 0.5, 0.0, 0, 1, 0, 0, 0, 0, 1, 0, 0, 0.0, 1.0, 0, 0, 3, 0, 1, 1.0]"
동아시아 경제와 사회,감지혜,창의융합학부,핵심교양,사회의이해,"[1, 0]","[0, 0, 0]","[0, 0, 1, 0, 0]",0.4,0.5,0.5,"[0, 0, 1, 0]",0,1,0.2,"[0.4, 0.5, 0.5, 0, 0, 1, 0, 0, 0, 0, 1, 0, 0.0, 1.0, 0, 0, 0, 1, 0, 0.4]"
비재무보고(ESG) 공시기준의 이해,전홍민,창의융합학부,핵심교양,사회의이해,"[1, 0]","[0, 0, 0]","[1, 0, 0, 0, 0]",0.4,0,0,"[1, 0, 0, 0]",0,1,0.5,"[0.4, 0.0, 0.0, 1, 0, 0, 0, 0, 1, 0, 0, 0, 0.0, 1.0, 0, 0, 0, 1, 0, 1.0]"
인체생리학,여기선,창의융합학부,핵심교양,자연의설명,"[0, 1]","[0, 0, 3]","[1, 0, 0, 0, 0]",0.6,0.5,0,"[0, 1, 0, 0]",0,1,0.5,"[0.6, 0.5, 0.0, 1, 0, 0, 0, 0, 0, 1, 0, 0, 0.0, 1.0, 0, 0, 3, 0, 1, 1.0]"
생태학의 이해,김상연,창의융합학부,핵심교양,자연의설명,"[0, 1]","[0, 0, 3]","[0, 1, 0, 0, 0]",0.6,0,0,"[0, 1, 0, 0]",1,1,0.4,"[0.6, 0.0, 0.0, 0, 1, 0, 0, 0, 0, 1, 0, 0, 1.0, 1.0, 0, 0, 3, 0, 1, 0.8]"
기후 변화와 문명,박경,창의융합학부,핵심교양,자연의설명,"[1, 0]","[0, 0, 3]","[0, 1, 0, 0, 0]",0.6,0.5,0,"[0, 1, 0, 0]",0,0.5,0.4,"[0.6, 0.5, 0.0, 0, 1, 0, 0, 0, 0, 1, 0, 0, 0.0, 0.5, 0, 0, 3, 1, 0, 0.8]"
우주로의 여행,이성환,창의융합학부,핵심교양,자연의설명,"[1, 0]","[0, 0, 3]","[1, 0, 0, 0, 0]",0.6,0.5,0,"[0, 1, 0, 0]",0,1,0.5,"[0.6, 0.5, 0.0, 1, 0, 0, 0, 0, 0, 1, 0, 0, 0.0, 1.0, 0, 0, 3, 1, 0, 1.0]"
과학의 철학적 이해,배식한,창의융합학부,핵심교양,자연의설명,"[1, 0]","[0, 0, 3]","[0, 1, 0, 0, 0]",0.6,0,0,"[0, 1, 0, 0]",1,1,0.4,"[0.6, 0.0, 0.0, 0, 1, 0, 0, 0, 0, 1, 0, 0, 1.0, 1.0, 0, 0, 3, 1, 0, 0.8]"
주제로 읽는 명저: 자연과학,박서현,창의융합학부,핵심교양,자연의설명,"[1, 0]","[0, 0, 3]","[0, 1, 0, 0, 0]",0.4,0.5,1,"[1, 0, 0, 0]",0,1,0.5,"[0.4, 0.5, 1.0, 0, 1, 0, 0, 0, 1, 0, 0, 0, 0.0, 1.0, 0, 0, 3, 1, 0, 1.0]"
기초 수학,정해남,창의융합학부,핵심교양,자연의설명,"[1, 0]","[0, 0, 3]","[0, 1, 0, 0, 0]",0.6,0,0,"[0, 1, 0, 0]",1,1,0.4,"[0.6, 0.0, 0.0, 0, 1, 0, 0, 0, 0, 1, 0, 0, 1.0, 1.0, 0, 0, 3, 1, 0, 0.8]"
마음과 뇌,김시현,창의융합학부,핵심교양,자연의설명,"[0, 1]","[0, 0, 3]","[1, 0, 0, 0, 0]",0.6,0,0,"[0, 1, 0, 0]",0,0.5,0.4,"[0.6, 0.0, 0.0, 1, 0, 0, 0, 0, 0, 1, 0, 0, 0.0, 0.5, 0, 0, 3, 0, 1, 0.8]"
유전자 과학과 미래,이양진,창의융합학부,핵심교양,자연의설명,"[1, 0]","[0, 0, 3]","[0, 1, 0, 0, 0]",0.6,0.5,0,"[0, 1, 0, 0]",0,1,0.5,"[0.6, 0.5, 0.0, 0, 1, 0, 0, 0, 0, 1, 0, 0, 0.0, 1.0, 0, 0, 3, 1, 0, 1.0]"
문화 속 수학 읽기,정해남,창의융합학부,핵심교양,자연의설명,"[1, 0]","[0, 0, 0]","[1, 0, 0, 0, 0]",0.6,0.5,0,"[0, 1, 0, 0]",1,1,0.4,"[0.6, 0.5, 0.0, 1, 0, 0, 0, 0, 0, 1, 0, 0, 1.0, 1.0, 0, 0, 0, 1, 0, 0.8]"
ESG 실천을 위한 지구의 이해,박경,창의융합학부,핵심교양,자연의설명,"[1, 0]","[0, 0, 0]","[1, 0, 0, 0, 0]",0.6,0.5,0,"[0, 1, 0, 0]",0,0.5,0.3,"[0.6, 0.5, 0.0, 1, 0, 0, 0, 0, 0, 1, 0, 0, 0.0, 0.5, 0, 0, 0, 1, 0, 0.6]"
ESG의 이해와 실천,양인목,창의융합학부,핵심교양,자연의설명,"[0, 1]","[0, 0, 0]","[1, 0, 0, 0, 0]",0.6,0.5,0,"[0, 1, 0, 0]",1,1,0.5,"[0.6, 0.5, 0.0, 1, 0, 0, 0, 0, 0, 1, 0, 0, 1.0, 1.0, 0, 0, 0, 0, 1, 1.0]"
탄소중립의 이해,양인목,창의융합학부,핵심교양,자연의설명,"[1, 0]","[0, 0, 0]","[1, 0, 0, 0, 0]",0.6,0.5,0,"[0, 1, 0, 0]",0,1,0.5,"[0.6, 0.5, 0.0, 1, 0, 0, 0, 0, 0, 1, 0, 0, 0.0, 1.0, 0, 0, 0, 1, 0, 1.0]"
인류세와 생태적 전환,박서현,창의융합학부,핵심교양,자연의설명,"[0, 1]","[0, 0, 0]","[0, 1, 0, 0, 0]",0.6,0.5,0.5,"[0, 1, 0, 0]",0,1,0.5,"[0.6, 0.5, 0.5, 0, 1, 0, 0, 0, 0, 1, 0, 0, 0.0, 1.0, 0, 0, 0, 0, 1, 1.0]"
무기 체계론,나익성,창의융합학부,핵심교양,공학과기술,"[0, 1]","[0, 0, 3]","[0, 1, 0, 0, 0]",0.6,0.5,0.5,"[0, 1, 0, 0]",0,1,0.5,"[0.6, 0.5, 0.5, 0, 1, 0, 0, 0, 0, 1, 0, 0, 0.0, 1.0, 0, 0, 3, 0, 1, 1.0]"
생애 주기별 건강과 복지,고선강,창의융합학부,핵심교양,공학과기술,"[0, 1]","[0, 0, 3]","[1, 0, 0, 0, 0]",0.6,0,0,"[0, 1, 0, 0]",0,1,0.4,"[0.6, 0.0, 0.0, 1, 0, 0, 0, 0, 0, 1, 0, 0, 0.0, 1.0, 0, 0, 3, 0, 1, 0.8]"
기초 디자인,김예원,창의융합학부,핵심교양,공학과기술,"[1, 0]","[0, 0, 3]","[1, 0, 0, 0, 0]",0.4,0,0.5,"[0, 1, 0, 0]",0,1,0.5,"[0.4, 0.0, 0.5, 1, 0, 0, 0, 0, 0, 1, 0, 0, 0.0, 1.0, 0, 0, 3, 1, 0, 1.0]"
생활 속의 의학정보,유하정,창의융합학부,핵심교양,공학과기술,"[1, 0]","[0, 0, 3]","[1, 0, 0, 0, 0]",0.6,0.5,0,"[0, 1, 0, 0]",1,1,0.4,"[0.6, 0.5, 0.0, 1, 0, 0, 0, 0, 0, 1, 0, 0, 1.0, 1.0, 0, 0, 3, 1, 0, 0.8]"
헬스와 운동 재활,김영주,창의융합학부,핵심교양,공학과기술,"[1, 0]","[0, 0, 3]","[0, 1, 0, 0, 0]",0.6,0.5,0,"[1, 0, 0, 0]",0,1,0.5,"[0.6, 0.5, 0.0, 0, 1, 0, 0, 0, 1, 0, 0, 0, 0.0, 1.0, 0, 0, 3, 1, 0, 1.0]"
4차 산업혁명과 경영혁신,심선영,창의융합학부,핵심교양,공학과기술,"[1, 0]","[0, 0, 0]","[1, 0, 0, 0, 0]",0.6,0,0,"[0, 1, 0, 0]",0,1,0.4,"[0.6, 0.0, 0.0, 1, 0, 0, 0, 0, 0, 1, 0, 0, 0.0, 1.0, 0, 0, 0, 1, 0, 0.8]"
사물 인터넷과 미래사회,신현우,창의융합학부,핵심교양,공학과기술,"[0, 1]","[0, 0, 3]","[0, 1, 0, 0, 0]",0.2,0.5,0,"[0, 1, 0, 0]",1,0.5,0.5,"[0.2, 0.5, 0.0, 0, 1, 0, 0, 0, 0, 1, 0, 0, 1.0, 0.5, 0, 0, 3, 0, 1, 1.0]"
회계와 사회,심재연,창의융합학부,핵심교양,공학과기술,"[1, 0]","[0, 0, 0]","[1, 0, 0, 0, 0]",0.6,0.5,0,"[0, 1, 0, 0]",0,1,0.5,"[0.6, 0.5, 0.0, 1, 0, 0, 0, 0, 0, 1, 0, 0, 0.0, 1.0, 0, 0, 0, 1, 0, 1.0]"
화장품과 피부,김주덕,창의융합학부,핵심교양,공학과기술,"[0, 1]","[0, 0, 3]","[0, 1, 0, 0, 0]",0.6,0,0,"[0, 1, 0, 0]",0,0.5,0.4,"[0.6, 0.0, 0.0, 0, 1, 0, 0, 0, 0, 1, 0, 0, 0.0, 0.5, 0, 0, 3, 0, 1, 0.8]"
비즈니스를 위한 인공지능,심선영,창의융합학부,핵심교양,공학과기술,"[1, 0]","[0, 0, 0]","[1, 0, 0, 0, 0]",0.6,0,0,"[0, 1, 0, 0]",0,1,0.4,"[0.6, 0.0, 0.0, 1, 0, 0, 0, 0, 0, 1, 0, 0, 0.0, 1.0, 0, 0, 0, 1, 0, 0.8]"
IoT와 전자공학개론,김준철,창의융합학부,핵심교양,공학과기술,"[1, 0]","[0, 0, 0]","[1, 0, 0, 0, 0]",0.6,0.5,0,"[0, 1, 0, 0]",0,1,0.5,"[0.6, 0.5, 0.0, 1, 0, 0, 0, 0, 0, 1, 0, 0, 0.0, 1.0, 0, 0, 0, 1, 0, 1.0]"
적정기술의 이해와 개발,양인목,창의융합학부,핵심교양,공학과기술,"[1, 0]","[0, 0, 0]","[1, 0, 0, 0, 0]",0.4,0.5,1,"[0, 1, 0, 0]",0,1,0.5,"[0.4, 0.5, 1.0, 1, 0, 0, 0, 0, 0, 1, 0, 0, 0.0, 1.0, 0, 0, 0, 1, 0, 1.0]"
비즈니스 애널리틱스의 기초,황성욱,창의융합학부,핵심교양,공학과기술,"[1, 0]","[0, 0, 0]","[1, 0, 0, 0, 0]",0.6,0,0,"[0, 1, 0, 0]",0,1,0.4,"[0.6, 0.0, 0.0, 1, 0, 0, 0, 0, 0, 1, 0, 0, 0.0, 1.0, 0, 0, 0, 1, 0, 0.8]"
동양미술로 만나는 민화와 팝아트 그리기,최소영,창의융합학부,공통교양,창의예술,"[1, 0]","[0, 0, 3]","[0, 1, 0, 0, 0]",0.2,0,0,"[0, 1, 0, 0]",0,1,0.5,"[0.2, 0.0, 0.0, 0, 1, 0, 0, 0, 0, 1, 0, 0, 0.0, 1.0, 0, 0, 3, 1, 0, 1.0]"
창의적 그림과 미술이야기,손모아,창의융합학부,공통교양,창의예술,"[1, 0]","[0, 0, 3]","[0, 1, 0, 0, 0]",0.2,0,0,"[0, 1, 0, 0]",0,1,0.5,"[0.2, 0.0, 0.0, 0, 1, 0, 0, 0, 0, 1, 0, 0, 0.0, 1.0, 0, 0, 3, 1, 0, 1.0]"
다시 만난 합창,박지현,창의융합학부,공통교양,창의예술,"[1, 0]","[0, 0, 3]","[1, 0, 0, 0, 0]",0.2,0,0.5,"[1, 0, 0, 0]",1,1,0.5,"[0.2, 0.0, 0.5, 1, 0, 0, 0, 0, 1, 0, 0, 0, 1.0, 1.0, 0, 0, 3, 1, 0, 1.0]"
인문학을 업은 창의융합 클래식 음악,박승유,창의융합학부,공통교양,창의예술,"[1, 0]","[0, 0, 3]","[0, 1, 0, 0, 0]",0.2,1,0,"[0, 1, 0, 0]",0,0.5,0.4,"[0.2, 1.0, 0.0, 0, 1, 0, 0, 0, 0, 1, 0, 0, 0.0, 0.5, 0, 0, 3, 1, 0, 0.8]"
발성과 보이스파워,윤형선,창의융합학부,공통교양,창의예술,"[1, 0]","[0, 0, 3]","[1, 0, 0, 0, 0]",0.4,0.5,0.5,"[1, 0, 0, 0]",0,1,0.5,"[0.4, 0.5, 0.5, 1, 0, 0, 0, 0, 1, 0, 0, 0, 0.0, 1.0, 0, 0, 3, 1, 0, 1.0]"
피아노로 연주하는 세상,이승연,창의융합학부,공통교양,창의예술,"[1, 0]","[0, 0, 3]","[0, 1, 0, 0, 0]",0.2,0,0,"[1, 0, 0, 0]",0,1,0.5,"[0.2, 0.0, 0.0, 0, 1, 0, 0, 0, 1, 0, 0, 0, 0.0, 1.0, 0, 0, 3, 1, 0, 1.0]"
도자공예,박태성,창의융합학부,공통교양,창의예술,"[1, 0]","[0, 0, 3]","[0, 1, 0, 0, 0]",0.2,0,0,"[0, 1, 0, 0]",0,1,0.5,"[0.2, 0.0, 0.0, 0, 1, 0, 0, 0, 0, 1, 0, 0, 0.0, 1.0, 0, 0, 3, 1, 0, 1.0]"
소비자를 위한 생활법률,미정,학사운영팀,일반교양,영역없음,"[1, 0]","[0, 0, 0]","[1, 0, 0, 0, 0]",0.4,0.5,0,"[0, 1, 0, 0]",0,0.5,0.3,"[0.4, 0.5, 0.0, 1, 0, 0, 0, 0, 0, 1, 0, 0, 0.0, 0.5, 0, 0, 0, 1, 0, 0.6]"
현대인의 질병과 영양,미정,학사운영팀,일반교양,영역없음,"[1, 0]","[0, 0, 0]","[0, 0, 1, 0, 0]",0.4,0.5,0.5,"[0, 0, 1, 0]",0.5,0.5,0.4,"[0.4, 0.5, 0.5, 0, 0, 1, 0, 0, 0, 0, 1, 0, 0.5, 0.5, 0, 0, 0, 1, 0, 0.8]"
톡!톡! 디자인씽킹과 창업이야기,미정,학사운영팀,일반교양,영역없음,"[1, 0]","[0, 0, 0]","[0, 0, 1, 0, 0]",0.4,0.5,0.5,"[0, 0, 1, 0]",0.5,0.5,0,"[0.4, 0.5, 0.5, 0, 0, 1, 0, 0, 0, 0, 1, 0, 0.5, 0.5, 0, 0, 0, 1, 0, 0.0]"
우리 문화 속의 한자어,미정,학사운영팀,일반교양,영역없음,"[1, 0]","[0, 0, 0]","[0, 0, 1, 0, 0]",0.4,0.5,0.5,"[0, 0, 1, 0]",0.5,0.5,0.4,"[0.4, 0.5, 0.5, 0, 0, 1, 0, 0, 0, 0, 1, 0, 0.5, 0.5, 0, 0, 0, 1, 0, 0.8]"
TED로배우는영화속바이오테크놀로지,미정,학사운영팀,일반교양,영역없음,"[1, 0]","[0, 0, 0]","[1, 0, 0, 0, 0]",0.4,0.5,0,"[1, 0, 0, 0]",0,1,0.5,"[0.4, 0.5, 0.0, 1, 0, 0, 0, 0, 1, 0, 0, 0, 0.0, 1.0, 0, 0, 0, 1, 0, 1.0]"
마음을읽어주는미술치료,미정,학사운영팀,일반교양,영역없음,"[1, 0]","[0, 0, 0]","[0, 0, 1, 0, 0]",0.4,0.5,0.5,"[0, 0, 1, 0]",0.5,0.5,0.2,"[0.4, 0.5, 0.5, 0, 0, 1, 0, 0, 0, 0, 1, 0, 0.5, 0.5, 0, 0, 0, 1, 0, 0.4]"
범죄와범죄심리,미정,학사운영팀,일반교양,영역없음,"[1, 0]","[0, 0, 0]","[1, 0, 0, 0, 0]",0.6,0,0,"[1, 0, 0, 0]",0,0.5,0.4,"[0.6, 0.0, 0.0, 1, 0, 0, 0, 0, 1, 0, 0, 0, 0.0, 0.5, 0, 0, 0, 1, 0, 0.8]"
실크로드를따라서,미정,학사운영팀,일반교양,영역없음,"[1, 0]","[0, 0, 0]","[0, 0, 1, 0, 0]",0.4,0.5,0.5,"[0, 0, 1, 0]",0.5,0.5,0,"[0.4, 0.5, 0.5, 0, 0, 1, 0, 0, 0, 0, 1, 0, 0.5, 0.5, 0, 0, 0, 1, 0, 0.0]"
