과목명,교수명,개설학과전공,이수구분,영역,수업유형,출결,시험,과제,조모임,성적,강의시간,강의력,평점,전체벡터,필수추천
합창 1,이미연,성악과,핵심전공,1영역,"[0, 0, 3]","[0, 0, 1, 0, 0]",0.4,0,0,"[0, 1, 0, 0]",0,1,0.5,"[0, 0, 3, 0, 0, 1, 0, 0, 0.4, 0.0, 0.0, 0, 1, 0, 0, 0.0, 1.0, 1.0]",
시창.청음 1,성혜진,성악과,핵심전공,1영역,"[0, 0, 3]","[0, 1, 0, 0, 0]",0.6,0.5,0,"[1, 0, 0, 0]",0.5,1,0.5,"[0, 0, 3, 0, 1, 0, 0, 0, 0.6, 0.5, 0.0, 1, 0, 0, 0, 0.5, 1.0, 1.0]",
클래스피아노 1,이미연,성악과,핵심전공,1영역,"[0, 0, 3]","[0, 0, 1, 0, 0]",0.6,0.5,0,"[0, 1, 0, 0]",0,1,0.5,"[0, 0, 3, 0, 0, 1, 0, 0, 0.6, 0.5, 0.0, 0, 1, 0, 0, 0.0, 1.0, 1.0]",
근현대화성 1,윤규일,작곡과,핵심전공,1영역,"[0, 0, 3]","[0, 1, 0, 0, 0]",0.6,0.5,0.5,"[0, 1, 0, 0]",0.5,1,0.5,"[0, 0, 3, 0, 1, 0, 0, 0, 0.6, 0.5, 0.5, 0, 1, 0, 0, 0.5, 1.0, 1.0]",
서양음악사및문헌 1,이가영,작곡과,핵심전공,1영역,"[0, 0, 3]","[0, 1, 0, 0, 0]",0.6,0,0,"[0, 1, 0, 0]",1,1,0.5,"[0, 0, 3, 0, 1, 0, 0, 0, 0.6, 0.0, 0.0, 0, 1, 0, 0, 1.0, 1.0, 1.0]",
다성음악 1,김수호,작곡과,핵심전공,1영역,"[0, 0, 3]","[0, 1, 0, 0, 0]",0.6,0.5,0,"[1, 0, 0, 0]",0.5,1,0.5,"[0, 0, 3, 0, 1, 0, 0, 0, 0.6, 0.5, 0.0, 1, 0, 0, 0, 0.5, 1.0, 1.0]",
창작연주 1,강은경,작곡과,핵심전공,1영역,"[0, 0, 3]","[0, 0, 1, 0, 0]",0.4,0.5,0.5,"[0, 0, 1, 0]",0.5,0.5,0,"[0, 0, 3, 0, 0, 1, 0, 0, 0.4, 0.5, 0.5, 0, 0, 1, 0, 0.5, 0.5, 0.0]",
악기론 1,김지현,작곡과,핵심전공,1영역,"[0, 0, 3]","[0, 1, 0, 0, 0]",0.6,0,0,"[0, 1, 0, 0]",0.5,1,0.5,"[0, 0, 3, 0, 1, 0, 0, 0, 0.6, 0.0, 0.0, 0, 1, 0, 0, 0.5, 1.0, 1.0]",
컴퓨터ㆍ전자음악 1,조진옥,작곡과,핵심전공,1영역,"[0, 0, 3]","[0, 0, 1, 0, 0]",0.4,0.5,0.5,"[0, 0, 1, 0]",0.5,1,0.5,"[0, 0, 3, 0, 0, 1, 0, 0, 0.4, 0.5, 0.5, 0, 0, 1, 0, 0.5, 1.0, 1.0]",
음악분석 1,최소영,작곡과,핵심전공,1영역,"[0, 0, 3]","[0, 1, 0, 0, 0]",0.6,1,0,"[0, 1, 0, 0]",0.5,1,0.5,"[0, 0, 3, 0, 1, 0, 0, 0, 0.6, 1.0, 0.0, 0, 1, 0, 0, 0.5, 1.0, 1.0]",
초급화성 및 이론 1,박지영,작곡과,핵심전공,1영역,"[0, 0, 3]","[0, 1, 0, 0, 0]",0.6,0,0,"[0, 1, 0, 0]",1,0.5,0.3,"[0, 0, 3, 0, 1, 0, 0, 0, 0.6, 0.0, 0.0, 0, 1, 0, 0, 1.0, 0.5, 0.6]",
초급화성 및 이론 1,박지영,작곡과,핵심전공,1영역,"[0, 0, 3]","[0, 1, 0, 0, 0]",0.6,0,0,"[0, 1, 0, 0]",1,0.5,0.3,"[0, 0, 3, 0, 1, 0, 0, 0, 0.6, 0.0, 0.0, 0, 1, 0, 0, 1.0, 0.5, 0.6]",
클래스 피아노 1,김수현,작곡과,핵심전공,1영역,"[0, 0, 3]","[0, 0, 1, 0, 0]",0.4,0.5,0.5,"[0, 0, 1, 0]",0.5,1,0.5,"[0, 0, 3, 0, 0, 1, 0, 0, 0.4, 0.5, 0.5, 0, 0, 1, 0, 0.5, 1.0, 1.0]",
전공 1,이민희,작곡과,핵심전공,1영역,"[0, 0, 3]","[0, 0, 1, 0, 0]",0.4,0.5,0.5,"[0, 0, 1, 0]",0.5,0.5,0,"[0, 0, 3, 0, 0, 1, 0, 0, 0.4, 0.5, 0.5, 0, 0, 1, 0, 0.5, 0.5, 0.0]",
전공 1,오예승,작곡과,핵심전공,1영역,"[0, 0, 3]","[0, 0, 1, 0, 0]",0.4,0.5,0.5,"[0, 0, 1, 0]",0.5,0.5,0,"[0, 0, 3, 0, 0, 1, 0, 0, 0.4, 0.5, 0.5, 0, 0, 1, 0, 0.5, 0.5, 0.0]",
전공 1,오예승,작곡과,핵심전공,1영역,"[0, 0, 3]","[0, 0, 1, 0, 0]",0.4,0.5,0.5,"[0, 0, 1, 0]",0.5,0.5,0,"[0, 0, 3, 0, 0, 1, 0, 0, 0.4, 0.5, 0.5, 0, 0, 1, 0, 0.5, 0.5, 0.0]",
전공 1,이상인,작곡과,핵심전공,1영역,"[0, 0, 3]","[0, 0, 1, 0, 0]",0.4,0.5,0.5,"[0, 0, 1, 0]",0.5,0.5,0,"[0, 0, 3, 0, 0, 1, 0, 0, 0.4, 0.5, 0.5, 0, 0, 1, 0, 0.5, 0.5, 0.0]",
전공 1,이상인,작곡과,핵심전공,1영역,"[0, 0, 3]","[0, 0, 1, 0, 0]",0.4,0.5,0.5,"[0, 0, 1, 0]",0.5,0.5,0,"[0, 0, 3, 0, 0, 1, 0, 0, 0.4, 0.5, 0.5, 0, 0, 1, 0, 0.5, 0.5, 0.0]",
전공 1,최환용,작곡과,핵심전공,1영역,"[0, 0, 3]","[0, 0, 1, 0, 0]",0.4,0.5,0.5,"[0, 0, 1, 0]",0.5,0.5,0,"[0, 0, 3, 0, 0, 1, 0, 0, 0.4, 0.5, 0.5, 0, 0, 1, 0, 0.5, 0.5, 0.0]",
전공 1,최환용,작곡과,핵심전공,1영역,"[0, 0, 3]","[0, 0, 1, 0, 0]",0.4,0.5,0.5,"[0, 0, 1, 0]",0.5,0.5,0,"[0, 0, 3, 0, 0, 1, 0, 0, 0.4, 0.5, 0.5, 0, 0, 1, 0, 0.5, 0.5, 0.0]",
전공 1,한대섭,작곡과,핵심전공,1영역,"[0, 0, 3]","[0, 0, 1, 0, 0]",0.4,0.5,0.5,"[0, 0, 1, 0]",0.5,0.5,0,"[0, 0, 3, 0, 0, 1, 0, 0, 0.4, 0.5, 0.5, 0, 0, 1, 0, 0.5, 0.5, 0.0]",
전공 1,이혜진,작곡과,핵심전공,1영역,"[0, 0, 3]","[0, 0, 1, 0, 0]",0.4,0.5,0.5,"[0, 0, 1, 0]",0.5,0.5,0,"[0, 0, 3, 0, 0, 1, 0, 0, 0.4, 0.5, 0.5, 0, 0, 1, 0, 0.5, 0.5, 0.0]",
전공 1,이혜진,작곡과,핵심전공,1영역,"[0, 0, 3]","[0, 0, 1, 0, 0]",0.4,0.5,0.5,"[0, 0, 1, 0]",0.5,0.5,0,"[0, 0, 3, 0, 0, 1, 0, 0, 0.4, 0.5, 0.5, 0, 0, 1, 0, 0.5, 0.5, 0.0]",
전공 1,이혜진,작곡과,핵심전공,1영역,"[0, 0, 3]","[0, 0, 1, 0, 0]",0.4,0.5,0.5,"[0, 0, 1, 0]",0.5,0.5,0,"[0, 0, 3, 0, 0, 1, 0, 0, 0.4, 0.5, 0.5, 0, 0, 1, 0, 0.5, 0.5, 0.0]",
전공 1,이혜진,작곡과,핵심전공,1영역,"[0, 0, 3]","[0, 0, 1, 0, 0]",0.4,0.5,0.5,"[0, 0, 1, 0]",0.5,0.5,0,"[0, 0, 3, 0, 0, 1, 0, 0, 0.4, 0.5, 0.5, 0, 0, 1, 0, 0.5, 0.5, 0.0]",
전공 1,이혜진,작곡과,핵심전공,1영역,"[0, 0, 3]","[0, 0, 1, 0, 0]",0.4,0.5,0.5,"[0, 0, 1, 0]",0.5,0.5,0,"[0, 0, 3, 0, 0, 1, 0, 0, 0.4, 0.5, 0.5, 0, 0, 1, 0, 0.5, 0.5, 0.0]",
합창 3,이미연,성악과,핵심전공,2영역,"[0, 0, 3]","[0, 0, 1, 0, 0]",0.4,0.5,0.5,"[0, 0, 1, 0]",0.5,0.5,0,"[0, 0, 3, 0, 0, 1, 0, 0, 0.4, 0.5, 0.5, 0, 0, 1, 0, 0.5, 0.5, 0.0]",
창작연주 3,강은경,작곡과,핵심전공,2영역,"[0, 0, 3]","[0, 0, 1, 0, 0]",0.4,0.5,0.5,"[0, 0, 1, 0]",0.5,0.5,0,"[0, 0, 3, 0, 0, 1, 0, 0, 0.4, 0.5, 0.5, 0, 0, 1, 0, 0.5, 0.5, 0.0]",
악기론 3,김지현,작곡과,핵심전공,2영역,"[0, 0, 3]","[0, 1, 0, 0, 0]",0.6,0.5,0,"[0, 1, 0, 0]",0.5,1,0.4,"[0, 0, 3, 0, 1, 0, 0, 0, 0.6, 0.5, 0.0, 0, 1, 0, 0, 0.5, 1.0, 0.8]",
컴퓨터ㆍ전자음악 3,조진옥,작곡과,핵심전공,2영역,"[0, 0, 3]","[0, 1, 0, 0, 0]",0.6,0.5,0,"[0, 1, 0, 0]",0.5,1,0.5,"[0, 0, 3, 0, 1, 0, 0, 0, 0.6, 0.5, 0.0, 0, 1, 0, 0, 0.5, 1.0, 1.0]",
서양음악사및문헌 3,이혜진,작곡과,핵심전공,2영역,"[0, 0, 3]","[0, 1, 0, 0, 0]",0.6,0,0,"[0, 1, 0, 0]",0.5,0.5,0.3,"[0, 0, 3, 0, 1, 0, 0, 0, 0.6, 0.0, 0.0, 0, 1, 0, 0, 0.5, 0.5, 0.6]",
화성 및 실습 1,강은경,작곡과,핵심전공,2영역,"[0, 0, 3]","[0, 0, 1, 0, 0]",0.4,0.5,0.5,"[0, 0, 1, 0]",0.5,0.5,0,"[0, 0, 3, 0, 0, 1, 0, 0, 0.4, 0.5, 0.5, 0, 0, 1, 0, 0.5, 0.5, 0.0]",
고급재즈화성학 1,김지은,작곡과,핵심전공,2영역,"[0, 0, 3]","[1, 0, 0, 0, 0]",0.6,1,0,"[0, 1, 0, 0]",0.5,0.5,0.5,"[0, 0, 3, 1, 0, 0, 0, 0, 0.6, 1.0, 0.0, 0, 1, 0, 0, 0.5, 0.5, 1.0]",
가창곡작곡법 및 실습 1,김기연,작곡과,핵심전공,2영역,"[0, 0, 3]","[0, 0, 1, 0, 0]",0.4,0.5,0.5,"[0, 0, 1, 0]",0.5,0.5,0.2,"[0, 0, 3, 0, 0, 1, 0, 0, 0.4, 0.5, 0.5, 0, 0, 1, 0, 0.5, 0.5, 0.4]",
음악치료학,노인규,작곡과,핵심전공,2영역,"[0, 0, 3]","[1, 0, 0, 0, 0]",0.4,0,0,"[1, 0, 0, 0]",0.5,1,0.5,"[0, 0, 3, 1, 0, 0, 0, 0, 0.4, 0.0, 0.0, 1, 0, 0, 0, 0.5, 1.0, 1.0]",
음악극의 역사와 문헌,김기연,작곡과,핵심전공,2영역,"[0, 0, 3]","[0, 0, 1, 0, 0]",0.4,0.5,0.5,"[0, 0, 1, 0]",0.5,0.5,0.3,"[0, 0, 3, 0, 0, 1, 0, 0, 0.4, 0.5, 0.5, 0, 0, 1, 0, 0.5, 0.5, 0.6]",
전공 3,박수정,작곡과,핵심전공,2영역,"[0, 0, 3]","[0, 0, 1, 0, 0]",0.4,0.5,0.5,"[0, 0, 1, 0]",0.5,0.5,0,"[0, 0, 3, 0, 0, 1, 0, 0, 0.4, 0.5, 0.5, 0, 0, 1, 0, 0.5, 0.5, 0.0]",
전공 3,이민희,작곡과,핵심전공,2영역,"[0, 0, 3]","[0, 0, 1, 0, 0]",0.4,0.5,0.5,"[0, 0, 1, 0]",0.5,0.5,0,"[0, 0, 3, 0, 0, 1, 0, 0, 0.4, 0.5, 0.5, 0, 0, 1, 0, 0.5, 0.5, 0.0]",
전공 3,정재은,작곡과,핵심전공,2영역,"[0, 0, 3]","[0, 0, 1, 0, 0]",0.4,0.5,0.5,"[0, 0, 1, 0]",0.5,0.5,0,"[0, 0, 3, 0, 0, 1, 0, 0, 0.4, 0.5, 0.5, 0, 0, 1, 0, 0.5, 0.5, 0.0]",
전공 3,정재은,작곡과,핵심전공,2영역,"[0, 0, 3]","[0, 0, 1, 0, 0]",0.4,0.5,0.5,"[0, 0, 1, 0]",0.5,0.5,0,"[0, 0, 3, 0, 0, 1, 0, 0, 0.4, 0.5, 0.5, 0, 0, 1, 0, 0.5, 0.5, 0.0]",
전공 3,오예승,작곡과,핵심전공,2영역,"[0, 0, 3]","[0, 0, 1, 0, 0]",0.4,0.5,0.5,"[0, 0, 1, 0]",0.5,0.5,0,"[0, 0, 3, 0, 0, 1, 0, 0, 0.4, 0.5, 0.5, 0, 0, 1, 0, 0.5, 0.5, 0.0]",
전공 3,최환용,작곡과,핵심전공,2영역,"[0, 0, 3]","[0, 0, 1, 0, 0]",0.4,0.5,0.5,"[0, 0, 1, 0]",0.5,0.5,0,"[0, 0, 3, 0, 0, 1, 0, 0, 0.4, 0.5, 0.5, 0, 0, 1, 0, 0.5, 0.5, 0.0]",
전공 3,임현경,작곡과,핵심전공,2영역,"[0, 0, 3]","[0, 0, 1, 0, 0]",0.4,0.5,0.5,"[0, 0, 1, 0]",0.5,0.5,0,"[0, 0, 3, 0, 0, 1, 0, 0, 0.4, 0.5, 0.5, 0, 0, 1, 0, 0.5, 0.5, 0.0]",
전공 3,신상호,작곡과,핵심전공,2영역,"[0, 0, 3]","[0, 0, 1, 0, 0]",0.4,0.5,0.5,"[0, 0, 1, 0]",0.5,0.5,0,"[0, 0, 3, 0, 0, 1, 0, 0, 0.4, 0.5, 0.5, 0, 0, 1, 0, 0.5, 0.5, 0.0]",
전공 3,서윤정,작곡과,핵심전공,2영역,"[0, 0, 3]","[0, 0, 1, 0, 0]",0.4,0.5,0.5,"[0, 0, 1, 0]",0.5,0.5,0,"[0, 0, 3, 0, 0, 1, 0, 0, 0.4, 0.5, 0.5, 0, 0, 1, 0, 0.5, 0.5, 0.0]",
전공 3,유선옥,작곡과,핵심전공,2영역,"[0, 0, 3]","[0, 0, 1, 0, 0]",0.4,0.5,0.5,"[0, 0, 1, 0]",0.5,0.5,0,"[0, 0, 3, 0, 0, 1, 0, 0, 0.4, 0.5, 0.5, 0, 0, 1, 0, 0.5, 0.5, 0.0]",
전공 3,신상호,작곡과,핵심전공,2영역,"[0, 0, 3]","[0, 0, 1, 0, 0]",0.4,0.5,0.5,"[0, 0, 1, 0]",0.5,0.5,0,"[0, 0, 3, 0, 0, 1, 0, 0, 0.4, 0.5, 0.5, 0, 0, 1, 0, 0.5, 0.5, 0.0]",
전공 3,이혜진,작곡과,핵심전공,2영역,"[0, 0, 3]","[0, 0, 1, 0, 0]",0.4,0.5,0.5,"[0, 0, 1, 0]",0.5,0.5,0,"[0, 0, 3, 0, 0, 1, 0, 0, 0.4, 0.5, 0.5, 0, 0, 1, 0, 0.5, 0.5, 0.0]",
전공 3,이혜진,작곡과,핵심전공,2영역,"[0, 0, 3]","[0, 0, 1, 0, 0]",0.4,0.5,0.5,"[0, 0, 1, 0]",0.5,0.5,0,"[0, 0, 3, 0, 0, 1, 0, 0, 0.4, 0.5, 0.5, 0, 0, 1, 0, 0.5, 0.5, 0.0]",
전공 3,최소영,작곡과,핵심전공,2영역,"[0, 0, 3]","[0, 0, 1, 0, 0]",0.4,0.5,0.5,"[0, 0, 1, 0]",0.5,0.5,0,"[0, 0, 3, 0, 0, 1, 0, 0, 0.4, 0.5, 0.5, 0, 0, 1, 0, 0.5, 0.5, 0.0]",
전공 3,서윤정,작곡과,핵심전공,2영역,"[0, 0, 3]","[0, 0, 1, 0, 0]",0.4,0.5,0.5,"[0, 0, 1, 0]",0.5,0.5,0,"[0, 0, 3, 0, 0, 1, 0, 0, 0.4, 0.5, 0.5, 0, 0, 1, 0, 0.5, 0.5, 0.0]",
지휘법 1,김동수,기악과,심화전공,3영역,"[0, 0, 3]","[0, 1, 0, 0, 0]",0.4,0,0,"[1, 0, 0, 0]",0,0.5,0.3,"[0, 0, 3, 0, 1, 0, 0, 0, 0.4, 0.0, 0.0, 1, 0, 0, 0, 0.0, 0.5, 0.6]",
음악분석 3,양지선,작곡과,심화전공,3영역,"[0, 0, 3]","[0, 0, 1, 0, 0]",0.4,0.5,0.5,"[0, 0, 1, 0]",0.5,0.5,0,"[0, 0, 3, 0, 0, 1, 0, 0, 0.4, 0.5, 0.5, 0, 0, 1, 0, 0.5, 0.5, 0.0]",
창작연주 5,강은경,작곡과,심화전공,3영역,"[0, 0, 3]","[0, 0, 1, 0, 0]",0.4,0.5,0.5,"[0, 0, 1, 0]",0.5,0.5,0,"[0, 0, 3, 0, 0, 1, 0, 0, 0.4, 0.5, 0.5, 0, 0, 1, 0, 0.5, 0.5, 0.0]",
20세기음악 1,임현경,작곡과,심화전공,3영역,"[0, 0, 3]","[0, 1, 0, 0, 0]",0.4,0.5,0,"[0, 1, 0, 0]",0.5,1,0.4,"[0, 0, 3, 0, 1, 0, 0, 0, 0.4, 0.5, 0.0, 0, 1, 0, 0, 0.5, 1.0, 0.8]",
음악학,신인선,작곡과,심화전공,3영역,"[0, 0, 3]","[0, 0, 1, 0, 0]",0.4,0.5,0.5,"[0, 0, 1, 0]",0.5,0.5,0,"[0, 0, 3, 0, 0, 1, 0, 0, 0.4, 0.5, 0.5, 0, 0, 1, 0, 0.5, 0.5, 0.0]",
음악과 사회,변지연,작곡과,심화전공,3영역,"[0, 0, 3]","[0, 1, 0, 0, 0]",0.6,0.5,0.5,"[0, 1, 0, 0]",1,0.5,0.3,"[0, 0, 3, 0, 1, 0, 0, 0, 0.6, 0.5, 0.5, 0, 1, 0, 0, 1.0, 0.5, 0.6]",
음악교육론,이보림,작곡과,심화전공,3영역,"[0, 0, 3]","[1, 0, 0, 0, 0]",0.6,0.5,0,"[0, 1, 0, 0]",0.5,0.5,0.3,"[0, 0, 3, 1, 0, 0, 0, 0, 0.6, 0.5, 0.0, 0, 1, 0, 0, 0.5, 0.5, 0.6]",
재즈건반실습 1,김지은,작곡과,심화전공,3영역,"[0, 0, 3]","[0, 1, 0, 0, 0]",0.6,1,0,"[0, 1, 0, 0]",0,0.5,0.5,"[0, 0, 3, 0, 1, 0, 0, 0, 0.6, 1.0, 0.0, 0, 1, 0, 0, 0.0, 0.5, 1.0]",
몰입형 미디어아트를 위한 사운드 디자인1,강은경,작곡과,심화전공,3영역,"[0, 0, 3]","[0, 1, 0, 0, 0]",0.2,0.5,0.5,"[0, 1, 0, 0]",0.5,1,0.5,"[0, 0, 3, 0, 1, 0, 0, 0, 0.2, 0.5, 0.5, 0, 1, 0, 0, 0.5, 1.0, 1.0]",
전공 5,김수호,작곡과,심화전공,3영역,"[0, 0, 3]","[0, 0, 1, 0, 0]",0.4,0.5,0.5,"[0, 0, 1, 0]",0.5,0.5,0,"[0, 0, 3, 0, 0, 1, 0, 0, 0.4, 0.5, 0.5, 0, 0, 1, 0, 0.5, 0.5, 0.0]",
전공 5,윤규일,작곡과,심화전공,3영역,"[0, 0, 3]","[0, 0, 1, 0, 0]",0.4,0.5,0.5,"[0, 0, 1, 0]",0.5,0.5,0,"[0, 0, 3, 0, 0, 1, 0, 0, 0.4, 0.5, 0.5, 0, 0, 1, 0, 0.5, 0.5, 0.0]",
전공 5,양지선,작곡과,심화전공,3영역,"[0, 0, 3]","[0, 0, 1, 0, 0]",0.4,0.5,0.5,"[0, 0, 1, 0]",0.5,0.5,0,"[0, 0, 3, 0, 0, 1, 0, 0, 0.4, 0.5, 0.5, 0, 0, 1, 0, 0.5, 0.5, 0.0]",
전공 5,안성민,작곡과,심화전공,3영역,"[0, 0, 3]","[0, 0, 1, 0, 0]",0.4,0.5,0.5,"[0, 0, 1, 0]",0.5,0.5,0,"[0, 0, 3, 0, 0, 1, 0, 0, 0.4, 0.5, 0.5, 0, 0, 1, 0, 0.5, 0.5, 0.0]",
전공 5,안성민,작곡과,심화전공,3영역,"[0, 0, 3]","[0, 0, 1, 0, 0]",0.4,0.5,0.5,"[0, 0, 1, 0]",0.5,0.5,0,"[0, 0, 3, 0, 0, 1, 0, 0, 0.4, 0.5, 0.5, 0, 0, 1, 0, 0.5, 0.5, 0.0]",
전공 5,박수정,작곡과,심화전공,3영역,"[0, 0, 3]","[0, 0, 1, 0, 0]",0.4,0.5,0.5,"[0, 0, 1, 0]",0.5,0.5,0,"[0, 0, 3, 0, 0, 1, 0, 0, 0.4, 0.5, 0.5, 0, 0, 1, 0, 0.5, 0.5, 0.0]",
전공 5,이민희,작곡과,심화전공,3영역,"[0, 0, 3]","[0, 0, 1, 0, 0]",0.4,0.5,0.5,"[0, 0, 1, 0]",0.5,0.5,0,"[0, 0, 3, 0, 0, 1, 0, 0, 0.4, 0.5, 0.5, 0, 0, 1, 0, 0.5, 0.5, 0.0]",
전공 5,최환용,작곡과,심화전공,3영역,"[0, 0, 3]","[0, 0, 1, 0, 0]",0.4,0.5,0.5,"[0, 0, 1, 0]",0.5,0.5,0,"[0, 0, 3, 0, 0, 1, 0, 0, 0.4, 0.5, 0.5, 0, 0, 1, 0, 0.5, 0.5, 0.0]",
전공 5,이가영,작곡과,심화전공,3영역,"[0, 0, 3]","[0, 0, 1, 0, 0]",0.4,0.5,0.5,"[0, 0, 1, 0]",0.5,0.5,0,"[0, 0, 3, 0, 0, 1, 0, 0, 0.4, 0.5, 0.5, 0, 0, 1, 0, 0.5, 0.5, 0.0]",
전공 5,이혜진,작곡과,심화전공,3영역,"[0, 0, 3]","[0, 0, 1, 0, 0]",0.4,0.5,0.5,"[0, 0, 1, 0]",0.5,0.5,0,"[0, 0, 3, 0, 0, 1, 0, 0, 0.4, 0.5, 0.5, 0, 0, 1, 0, 0.5, 0.5, 0.0]",
전공 5,신동진,작곡과,심화전공,3영역,"[0, 0, 3]","[0, 0, 1, 0, 0]",0.4,0.5,0.5,"[0, 0, 1, 0]",0.5,0.5,0,"[0, 0, 3, 0, 0, 1, 0, 0, 0.4, 0.5, 0.5, 0, 0, 1, 0, 0.5, 0.5, 0.0]",
전공 5,변지연,작곡과,심화전공,3영역,"[0, 0, 3]","[0, 0, 1, 0, 0]",0.4,0.5,0.5,"[0, 0, 1, 0]",0.5,0.5,0,"[0, 0, 3, 0, 0, 1, 0, 0, 0.4, 0.5, 0.5, 0, 0, 1, 0, 0.5, 0.5, 0.0]",
전공 5,최소영,작곡과,심화전공,3영역,"[0, 0, 3]","[0, 0, 1, 0, 0]",0.4,0.5,0.5,"[0, 0, 1, 0]",0.5,0.5,0,"[0, 0, 3, 0, 0, 1, 0, 0, 0.4, 0.5, 0.5, 0, 0, 1, 0, 0.5, 0.5, 0.0]",
전공 5,신동진,작곡과,심화전공,3영역,"[0, 0, 3]","[0, 0, 1, 0, 0]",0.4,0.5,0.5,"[0, 0, 1, 0]",0.5,0.5,0,"[0, 0, 3, 0, 0, 1, 0, 0, 0.4, 0.5, 0.5, 0, 0, 1, 0, 0.5, 0.5, 0.0]",
전공 5,신동진,작곡과,심화전공,3영역,"[0, 0, 3]","[0, 0, 1, 0, 0]",0.4,0.5,0.5,"[0, 0, 1, 0]",0.5,0.5,0,"[0, 0, 3, 0, 0, 1, 0, 0, 0.4, 0.5, 0.5, 0, 0, 1, 0, 0.5, 0.5, 0.0]",
전공 5,신상호,작곡과,심화전공,3영역,"[0, 0, 3]","[0, 0, 1, 0, 0]",0.4,0.5,0.5,"[0, 0, 1, 0]",0.5,0.5,0,"[0, 0, 3, 0, 0, 1, 0, 0, 0.4, 0.5, 0.5, 0, 0, 1, 0, 0.5, 0.5, 0.0]",
전공 5,신상호,작곡과,심화전공,3영역,"[0, 0, 3]","[0, 0, 1, 0, 0]",0.4,0.5,0.5,"[0, 0, 1, 0]",0.5,0.5,0,"[0, 0, 3, 0, 0, 1, 0, 0, 0.4, 0.5, 0.5, 0, 0, 1, 0, 0.5, 0.5, 0.0]",
합창지휘 1,박승유,성악과,심화전공,4영역,"[0, 0, 3]","[0, 0, 1, 0, 0]",0.4,0.5,0.5,"[0, 0, 1, 0]",0.5,0.5,0,"[0, 0, 3, 0, 0, 1, 0, 0, 0.4, 0.5, 0.5, 0, 0, 1, 0, 0.5, 0.5, 0.0]",
창작실내악 1,김도연,기악과,심화전공,4영역,"[0, 0, 3]","[0, 0, 1, 0, 0]",0.4,0.5,0.5,"[0, 0, 1, 0]",0.5,0.5,0,"[0, 0, 3, 0, 0, 1, 0, 0, 0.4, 0.5, 0.5, 0, 0, 1, 0, 0.5, 0.5, 0.0]",
뮤지컬 워크숍 1,김기연,작곡과,심화전공,4영역,"[0, 0, 3]","[0, 0, 1, 0, 0]",0.4,0.5,0.5,"[0, 0, 1, 0]",0.5,1,0.5,"[0, 0, 3, 0, 0, 1, 0, 0, 0.4, 0.5, 0.5, 0, 0, 1, 0, 0.5, 1.0, 1.0]",
음악경영 1,서윤정,작곡과,심화전공,4영역,"[0, 0, 3]","[0, 1, 0, 0, 0]",0.4,0.5,0.5,"[0, 0, 0, 1]",0.5,0.5,0.3,"[0, 0, 3, 0, 1, 0, 0, 0, 0.4, 0.5, 0.5, 0, 0, 0, 1, 0.5, 0.5, 0.6]",
오케스트라 편곡 1,안성민,작곡과,심화전공,4영역,"[0, 0, 3]","[0, 0, 1, 0, 0]",0.4,0.5,0.5,"[0, 0, 1, 0]",0.5,0.5,0,"[0, 0, 3, 0, 0, 1, 0, 0, 0.4, 0.5, 0.5, 0, 0, 1, 0, 0.5, 0.5, 0.0]",
전공 7,김수호,작곡과,심화전공,4영역,"[0, 0, 3]","[0, 0, 1, 0, 0]",0.4,0.5,0.5,"[0, 0, 1, 0]",0.5,0.5,0,"[0, 0, 3, 0, 0, 1, 0, 0, 0.4, 0.5, 0.5, 0, 0, 1, 0, 0.5, 0.5, 0.0]",
전공 7,임현경,작곡과,심화전공,4영역,"[0, 0, 3]","[0, 0, 1, 0, 0]",0.4,0.5,0.5,"[0, 0, 1, 0]",0.5,0.5,0,"[0, 0, 3, 0, 0, 1, 0, 0, 0.4, 0.5, 0.5, 0, 0, 1, 0, 0.5, 0.5, 0.0]",
전공 7,윤규일,작곡과,심화전공,4영역,"[0, 0, 3]","[0, 0, 1, 0, 0]",0.4,0.5,0.5,"[0, 0, 1, 0]",0.5,0.5,0,"[0, 0, 3, 0, 0, 1, 0, 0, 0.4, 0.5, 0.5, 0, 0, 1, 0, 0.5, 0.5, 0.0]",
전공 7,양지선,작곡과,심화전공,4영역,"[0, 0, 3]","[0, 0, 1, 0, 0]",0.4,0.5,0.5,"[0, 0, 1, 0]",0.5,0.5,0,"[0, 0, 3, 0, 0, 1, 0, 0, 0.4, 0.5, 0.5, 0, 0, 1, 0, 0.5, 0.5, 0.0]",
전공 7,이민희,작곡과,심화전공,4영역,"[0, 0, 3]","[0, 0, 1, 0, 0]",0.4,0.5,0.5,"[0, 0, 1, 0]",0.5,0.5,0,"[0, 0, 3, 0, 0, 1, 0, 0, 0.4, 0.5, 0.5, 0, 0, 1, 0, 0.5, 0.5, 0.0]",
전공 7,정재은,작곡과,심화전공,4영역,"[0, 0, 3]","[0, 0, 1, 0, 0]",0.4,0.5,0.5,"[0, 0, 1, 0]",0.5,0.5,0,"[0, 0, 3, 0, 0, 1, 0, 0, 0.4, 0.5, 0.5, 0, 0, 1, 0, 0.5, 0.5, 0.0]",
전공 7,정재은,작곡과,심화전공,4영역,"[0, 0, 3]","[0, 0, 1, 0, 0]",0.4,0.5,0.5,"[0, 0, 1, 0]",0.5,0.5,0,"[0, 0, 3, 0, 0, 1, 0, 0, 0.4, 0.5, 0.5, 0, 0, 1, 0, 0.5, 0.5, 0.0]",
전공 7,이상인,작곡과,심화전공,4영역,"[0, 0, 3]","[0, 0, 1, 0, 0]",0.4,0.5,0.5,"[0, 0, 1, 0]",0.5,0.5,0,"[0, 0, 3, 0, 0, 1, 0, 0, 0.4, 0.5, 0.5, 0, 0, 1, 0, 0.5, 0.5, 0.0]",
전공 7,이상인,작곡과,심화전공,4영역,"[0, 0, 3]","[0, 0, 1, 0, 0]",0.4,0.5,0.5,"[0, 0, 1, 0]",0.5,0.5,0,"[0, 0, 3, 0, 0, 1, 0, 0, 0.4, 0.5, 0.5, 0, 0, 1, 0, 0.5, 0.5, 0.0]",
전공 7,이가영,작곡과,심화전공,4영역,"[0, 0, 3]","[0, 0, 1, 0, 0]",0.4,0.5,0.5,"[0, 0, 1, 0]",0.5,0.5,0,"[0, 0, 3, 0, 0, 1, 0, 0, 0.4, 0.5, 0.5, 0, 0, 1, 0, 0.5, 0.5, 0.0]",
전공 7,이가영,작곡과,심화전공,4영역,"[0, 0, 3]","[0, 0, 1, 0, 0]",0.4,0.5,0.5,"[0, 0, 1, 0]",0.5,0.5,0,"[0, 0, 3, 0, 0, 1, 0, 0, 0.4, 0.5, 0.5, 0, 0, 1, 0, 0.5, 0.5, 0.0]",
전공 7,이가영,작곡과,심화전공,4영역,"[0, 0, 3]","[0, 0, 1, 0, 0]",0.4,0.5,0.5,"[0, 0, 1, 0]",0.5,0.5,0,"[0, 0, 3, 0, 0, 1, 0, 0, 0.4, 0.5, 0.5, 0, 0, 1, 0, 0.5, 0.5, 0.0]",
전공 7,이가영,작곡과,심화전공,4영역,"[0, 0, 3]","[0, 0, 1, 0, 0]",0.4,0.5,0.5,"[0, 0, 1, 0]",0.5,0.5,0,"[0, 0, 3, 0, 0, 1, 0, 0, 0.4, 0.5, 0.5, 0, 0, 1, 0, 0.5, 0.5, 0.0]",
전공 7,이가영,작곡과,심화전공,4영역,"[0, 0, 3]","[0, 0, 1, 0, 0]",0.4,0.5,0.5,"[0, 0, 1, 0]",0.5,0.5,0,"[0, 0, 3, 0, 0, 1, 0, 0, 0.4, 0.5, 0.5, 0, 0, 1, 0, 0.5, 0.5, 0.0]",
전공 7,신인선,작곡과,심화전공,4영역,"[0, 0, 3]","[0, 0, 1, 0, 0]",0.4,0.5,0.5,"[0, 0, 1, 0]",0.5,0.5,0,"[0, 0, 3, 0, 0, 1, 0, 0, 0.4, 0.5, 0.5, 0, 0, 1, 0, 0.5, 0.5, 0.0]",
전공 7,이가영,작곡과,심화전공,4영역,"[0, 0, 3]","[0, 0, 1, 0, 0]",0.4,0.5,0.5,"[0, 0, 1, 0]",0.5,0.5,0,"[0, 0, 3, 0, 0, 1, 0, 0, 0.4, 0.5, 0.5, 0, 0, 1, 0, 0.5, 0.5, 0.0]",
전공 7,신동진,작곡과,심화전공,4영역,"[0, 0, 3]","[0, 0, 1, 0, 0]",0.4,0.5,0.5,"[0, 0, 1, 0]",0.5,0.5,0,"[0, 0, 3, 0, 0, 1, 0, 0, 0.4, 0.5, 0.5, 0, 0, 1, 0, 0.5, 0.5, 0.0]",
