과목명,교수명,개설학과전공,이수구분,영역,캠퍼스,수업유형,수강안내 및 지정내용,평점,출결,시험,과제,조모임,성적,강의 시간,강의력,확인,시간표,파일명,전체 벡터
AI서비스설계,이민수,AI,핵심전공,2영역,"[1, 0]","[0, 0, 3]",,1.0,"[1, 0, 0, 0, 0]",0.4,1,1,"[1, 0, 0, 0]",0,1.0,,금/1-3,AI_data_2영역_일반.csv,"[0.4, 1, 1, 1, 0, 0, 0, 0, 1, 0, 0, 0, 0, 1.0, 0, 0, 3, 1, 0, 1.0]"
추천시스템,오장민,AI,심화전공,3영역,"[1, 0]","[3, 0, 0]",,0.8,"[1, 0, 0, 0, 0]",0.6,1,0,"[0, 1, 0, 0]",0,0.0,,수/7-9,AI_data_3영역_블렌디드.csv,"[0.6, 1, 0, 1, 0, 0, 0, 0, 0, 1, 0, 0, 0, 0.0, 3, 0, 0, 1, 0, 0.8]"
추천시스템,유재현,AI,심화전공,3영역,"[1, 0]","[3, 0, 0]",,1.0,"[1, 0, 0, 0, 0]",0.6,0,0,"[0, 1, 0, 0]",0,1.0,,수/7-9,AI_data_3영역_블렌디드.csv,"[0.6, 0, 0, 1, 0, 0, 0, 0, 0, 1, 0, 0, 0, 1.0, 3, 0, 0, 1, 0, 1.0]"
클라우드컴퓨팅AI,오장민,AI,심화전공,3영역,"[1, 0]","[3, 0, 0]",,0.8,"[1, 0, 0, 0, 0]",0.6,1,0,"[0, 1, 0, 0]",0,0.5,,화/1-3,AI_data_3영역_블렌디드.csv,"[0.6, 1, 0, 1, 0, 0, 0, 0, 0, 1, 0, 0, 0, 0.5, 3, 0, 0, 1, 0, 0.8]"
클라우드컴퓨팅AI,오장민,AI,심화전공,3영역,"[1, 0]","[3, 0, 0]",,0.8,"[1, 0, 0, 0, 0]",0.6,1,0,"[0, 1, 0, 0]",0,0.5,,수/1-3,AI_data_3영역_블렌디드.csv,"[0.6, 1, 0, 1, 0, 0, 0, 0, 0, 1, 0, 0, 0, 0.5, 3, 0, 0, 1, 0, 0.8]"
클라우드컴퓨팅AI,강종구,AI,심화전공,3영역,"[1, 0]","[3, 0, 0]",,0.6,"[0, 1, 0, 0, 0]",0.6,0,1,"[0, 1, 0, 0]",0,0.0,최근 하나의 강의평이 강의력이 좋아졌다는 평이 있어서 그런것 같음,수/1-3,AI_data_3영역_블렌디드.csv,"[0.6, 0, 1, 0, 1, 0, 0, 0, 0, 1, 0, 0, 0, 0.0, 3, 0, 0, 1, 0, 0.6]"
자율이동체 시스템,안양준,AI,심화전공,4영역,"[1, 0]","[3, 0, 0]",,0.6,"[1, 0, 0, 0, 0]",0.6,1,1,"[0, 1, 0, 0]",0,0.0,,목/4-6,AI_data_4영역_블렌디드.csv,"[0.6, 1, 1, 1, 0, 0, 0, 0, 0, 1, 0, 0, 0, 0.0, 3, 0, 0, 1, 0, 0.6]"
AI융합개론,고원준,AI융합학부,핵심전공,1영역,"[1, 0]","[0, 0, 3]",[1학년 전공탐색] [GeM(공학과기술)],1.0,"[0, 1, 0, 0, 0]",0.4,0,1,"[0, 1, 0, 0]",0,1.0,,화/1-3,AI융합학부_data_1영역_일반.csv,"[0.4, 0, 1, 0, 1, 0, 0, 0, 0, 1, 0, 0, 0, 1.0, 0, 0, 3, 1, 0, 1.0]"
AI융합개론,고원준,AI융합학부,핵심전공,1영역,"[1, 0]","[0, 0, 3]",[1학년 전공탐색] [GeM(공학과기술)],1.0,"[0, 1, 0, 0, 0]",0.4,0,1,"[0, 1, 0, 0]",0,1.0,,목/1-3,AI융합학부_data_1영역_일반.csv,"[0.4, 0, 1, 0, 1, 0, 0, 0, 0, 1, 0, 0, 0, 1.0, 0, 0, 3, 1, 0, 1.0]"
디지털논리회로,이준세,AI융합학부,핵심전공,2영역,"[1, 0]","[3, 0, 0]",,1.0,"[0, 0, 0, 1, 0]",0.6,1,0,"[0, 1, 0, 0]",0,1.0,,화/1-3,AI융합학부_data_2영역_블렌디드.csv,"[0.6, 1, 0, 0, 0, 0, 1, 0, 0, 1, 0, 0, 0, 1.0, 3, 0, 0, 1, 0, 1.0]"
고급파이썬프로그래밍,김준영,AI융합학부,핵심전공,2영역,"[1, 0]","[0, 0, 3]",,0.8,"[1, 0, 0, 0, 0]",0.6,1,0,"[0, 1, 0, 0]",0,0.0,,화/4-6,AI융합학부_data_2영역_일반.csv,"[0.6, 1, 0, 1, 0, 0, 0, 0, 0, 1, 0, 0, 0, 0.0, 0, 0, 3, 1, 0, 0.8]"
고급파이썬프로그래밍,강대성,AI융합학부,핵심전공,2영역,"[1, 0]","[0, 0, 3]",,1.0,"[1, 0, 0, 0, 0]",0.6,0,0,"[0, 1, 0, 0]",1,1.0,,금/4-6,AI융합학부_data_2영역_일반.csv,"[0.6, 0, 0, 1, 0, 0, 0, 0, 0, 1, 0, 0, 1, 1.0, 0, 0, 3, 1, 0, 1.0]"
디지털 신호처리,이준세,AI융합학부,심화전공,3영역,"[1, 0]","[3, 0, 0]",,1.0,"[0, 1, 0, 0, 0]",0.6,1,0,"[0, 1, 0, 0]",0,0.5,,월/4-6,AI융합학부_data_3영역_블렌디드.csv,"[0.6, 1, 0, 0, 1, 0, 0, 0, 0, 1, 0, 0, 0, 0.5, 3, 0, 0, 1, 0, 1.0]"
디지털 신호처리,이준세,AI융합학부,심화전공,3영역,"[1, 0]","[3, 0, 0]",,1.0,"[0, 1, 0, 0, 0]",0.6,1,0,"[0, 1, 0, 0]",0,0.5,,화/7-9,AI융합학부_data_3영역_블렌디드.csv,"[0.6, 1, 0, 0, 1, 0, 0, 0, 0, 1, 0, 0, 0, 0.5, 3, 0, 0, 1, 0, 1.0]"
디지털 신호처리,이준세,AI융합학부,심화전공,3영역,"[1, 0]","[3, 0, 0]",,1.0,"[0, 1, 0, 0, 0]",0.6,1,0,"[0, 1, 0, 0]",0,0.5,,월/7-9,AI융합학부_data_3영역_블렌디드.csv,"[0.6, 1, 0, 0, 1, 0, 0, 0, 0, 1, 0, 0, 0, 0.5, 3, 0, 0, 1, 0, 1.0]"
심층학습,이규중,AI융합학부,심화전공,3영역,"[1, 0]","[0, 0, 3]",,1.0,"[0, 1, 0, 0, 0]",0.6,1,0,"[0, 1, 0, 0]",1,0.5,,목/7-9,AI융합학부_data_3영역_일반.csv,"[0.6, 1, 0, 0, 1, 0, 0, 0, 0, 1, 0, 0, 1, 0.5, 0, 0, 3, 1, 0, 1.0]"
심층학습,이규중,AI융합학부,심화전공,3영역,"[1, 0]","[0, 0, 3]",,1.0,"[0, 1, 0, 0, 0]",0.6,1,0,"[0, 1, 0, 0]",1,0.5,,금/7-9,AI융합학부_data_3영역_일반.csv,"[0.6, 1, 0, 0, 1, 0, 0, 0, 0, 1, 0, 0, 1, 0.5, 0, 0, 3, 1, 0, 1.0]"
심층학습,변혜원,AI융합학부,심화전공,3영역,"[1, 0]","[0, 0, 3]",,1.0,"[0, 0, 0, 0, 0]",0.6,1,0,"[0, 0, 0, 0]",0,1.0,,목/7-9,AI융합학부_data_3영역_일반.csv,"[0.6, 1, 0, 0, 0, 0, 0, 0, 0, 0, 0, 0, 0, 1.0, 0, 0, 3, 1, 0, 1.0]"
고급기계학습,고원준,AI융합학부,심화전공,3영역,"[1, 0]","[0, 0, 3]",,0.0,"[0, 0, 0, 0, 0]",0.6,1,0,"[0, 0, 0, 0]",0,1.0,,금/4-6,AI융합학부_data_3영역_일반.csv,"[0.6, 1, 0, 0, 0, 0, 0, 0, 0, 0, 0, 0, 0, 1.0, 0, 0, 3, 1, 0, 0.0]"
고급기계학습,고원준,AI융합학부,심화전공,3영역,"[1, 0]","[0, 0, 3]",,0.0,"[0, 0, 0, 0, 0]",0.6,1,0,"[0, 0, 0, 0]",0,1.0,,금/1-3,AI융합학부_data_3영역_일반.csv,"[0.6, 1, 0, 0, 0, 0, 0, 0, 0, 0, 0, 0, 0, 1.0, 0, 0, 3, 1, 0, 0.0]"
캡스톤디자인,유재현,AI융합학부,심화전공,4영역,"[1, 0]","[0, 0, 3]",,1.0,"[0, 0, 0, 0, 0]",0.2,0,1,"[1, 0, 0, 0]",0,1.0,프로젝트 수업이라 강의력에 대한 이야기가 없음,화/1-3,AI융합학부_data_4영역_일반.csv,"[0.2, 0, 1, 0, 0, 0, 0, 0, 1, 0, 0, 0, 0, 1.0, 0, 0, 3, 1, 0, 1.0]"
지능형 게임,변혜원,AI융합학부,심화전공,4영역,"[1, 0]","[0, 0, 3]",,0.8,"[1, 0, 0, 0, 0]",0.2,1,0,"[0, 1, 0, 0]",1,1.0,,화/4-6,AI융합학부_data_4영역_일반.csv,"[0.2, 1, 0, 1, 0, 0, 0, 0, 0, 1, 0, 0, 1, 1.0, 0, 0, 3, 1, 0, 0.8]"
이산수학,홍기형,AI융합학부,핵심전공,1영역,"[1, 0]","[3, 0, 0]",[1학년전공탐색] [GeM(경험적수리적추리)],1.0,"[1, 0, 0, 0, 0]",0.6,1,0,"[0, 1, 0, 0]",0,1.0,,월/7-9,공과대학_전공_data_1영역_블렌디드.csv,"[0.6, 1, 0, 1, 0, 0, 0, 0, 0, 1, 0, 0, 0, 1.0, 3, 0, 0, 1, 0, 1.0]"
이산수학,홍기형,AI융합학부,핵심전공,1영역,"[1, 0]","[3, 0, 0]",[1학년전공탐색] [GeM(경험적수리적추리)],1.0,"[1, 0, 0, 0, 0]",0.6,1,0,"[0, 1, 0, 0]",0,1.0,,목/7-9,공과대학_전공_data_1영역_블렌디드.csv,"[0.6, 1, 0, 1, 0, 0, 0, 0, 0, 1, 0, 0, 0, 1.0, 3, 0, 0, 1, 0, 1.0]"
디지털컨텐츠,안민지,서비스디자인공학과,핵심전공,1영역,"[1, 0]","[0, 0, 3]",[1학년전공탐색] [GeM(SW문해)],0.8,"[0, 1, 0, 0, 0]",0.2,1,1,"[0, 1, 0, 0]",0,0.0,,목/4-6,공과대학_전공_data_1영역_일반.csv,"[0.2, 1, 1, 0, 1, 0, 0, 0, 0, 1, 0, 0, 0, 0.0, 0, 0, 3, 1, 0, 0.8]"
디지털컨텐츠,안민지,AI융합학부,핵심전공,1영역,"[1, 0]","[0, 0, 3]",[1학년전공탐색] [GeM(SW문해)],0.8,"[0, 1, 0, 0, 0]",0.2,1,1,"[0, 1, 0, 0]",0,0.0,,목/4-6,공과대학_전공_data_1영역_일반.csv,"[0.2, 1, 1, 0, 1, 0, 0, 0, 0, 1, 0, 0, 0, 0.0, 0, 0, 3, 1, 0, 0.8]"
디지털컨텐츠,한세영,서비스디자인공학과,핵심전공,1영역,"[1, 0]","[0, 0, 3]",[1학년전공탐색] [GeM(SW문해)],1.0,"[0, 1, 0, 0, 0]",0.4,1,0,"[1, 0, 0, 0]",1,1.0,,금/7-9,공과대학_전공_data_1영역_일반.csv,"[0.4, 1, 0, 0, 1, 0, 0, 0, 1, 0, 0, 0, 1, 1.0, 0, 0, 3, 1, 0, 1.0]"
디지털컨텐츠,한세영,AI융합학부,핵심전공,1영역,"[1, 0]","[0, 0, 3]",[1학년전공탐색] [GeM(SW문해)],1.0,"[0, 1, 0, 0, 0]",0.4,1,0,"[1, 0, 0, 0]",1,1.0,,금/7-9,공과대학_전공_data_1영역_일반.csv,"[0.4, 1, 0, 0, 1, 0, 0, 0, 1, 0, 0, 0, 1, 1.0, 0, 0, 3, 1, 0, 1.0]"
웹프로그래밍기초,김경진,융합보안공학과,핵심전공,1영역,"[1, 0]","[0, 0, 3]",[1학년전공탐색] [GeM(SW문해)],1.0,"[1, 0, 0, 0, 0]",0.6,1,0,"[0, 1, 0, 0]",0,1.0,,화/7-9,공과대학_전공_data_1영역_일반.csv,"[0.6, 1, 0, 1, 0, 0, 0, 0, 0, 1, 0, 0, 0, 1.0, 0, 0, 3, 1, 0, 1.0]"
웹프로그래밍기초,이혜리,융합보안공학과,핵심전공,1영역,"[1, 0]","[0, 0, 3]",[1학년전공탐색] [GeM(SW문해)],1.0,"[1, 0, 0, 0, 0]",0.6,1,0,"[0, 1, 0, 0]",1,1.0,,화/4-6,공과대학_전공_data_1영역_일반.csv,"[0.6, 1, 0, 1, 0, 0, 0, 0, 0, 1, 0, 0, 1, 1.0, 0, 0, 3, 1, 0, 1.0]"
웹프로그래밍기초,정선진,컴퓨터공학과,핵심전공,1영역,"[1, 0]","[0, 0, 3]",[1학년 전공탐색] [GeM(SW문해)],1.0,"[0, 0, 0, 0, 0]",0.6,1,0,"[0, 0, 0, 0]",0,1.0,,화/4-6,공과대학_전공_data_1영역_일반.csv,"[0.6, 1, 0, 0, 0, 0, 0, 0, 0, 0, 0, 0, 0, 1.0, 0, 0, 3, 1, 0, 1.0]"
IT개론,정선진,컴퓨터공학과,핵심전공,1영역,"[1, 0]","[0, 0, 3]",[1학년전공탐색] [GeM(SW문해)],0.0,"[0, 0, 0, 0, 0]",0.6,1,0,"[0, 0, 0, 0]",0,1.0,,월/7-9,공과대학_전공_data_1영역_일반.csv,"[0.6, 1, 0, 0, 0, 0, 0, 0, 0, 0, 0, 0, 0, 1.0, 0, 0, 3, 1, 0, 0.0]"
IT개론,이재원,융합보안공학과,핵심전공,1영역,"[1, 0]","[0, 0, 3]",[1학년전공탐색] [GeM(SW문해)],0.8,"[0, 0, 0, 0, 0]",0.6,1,0,"[0, 1, 0, 0]",0,0.0,,월/7-9,공과대학_전공_data_1영역_일반.csv,"[0.6, 1, 0, 0, 0, 0, 0, 0, 0, 1, 0, 0, 0, 0.0, 0, 0, 3, 1, 0, 0.8]"
IT개론,이재원,융합보안공학과,핵심전공,1영역,"[1, 0]","[0, 0, 3]",[1학년전공탐색] [GeM(SW문해)],0.8,"[0, 0, 0, 0, 0]",0.6,1,0,"[0, 1, 0, 0]",0,0.0,,목/7-9,공과대학_전공_data_1영역_일반.csv,"[0.6, 1, 0, 0, 0, 0, 0, 0, 0, 1, 0, 0, 0, 0.0, 0, 0, 3, 1, 0, 0.8]"
자료구조,홍의석,컴퓨터공학과,핵심전공,2영역,"[1, 0]","[3, 0, 0]",,1.0,"[1, 0, 0, 0, 0]",0.6,1,0,"[0, 1, 0, 0]",0,1.0,,수/4-6,공과대학_전공_data_2영역_블렌디드.csv,"[0.6, 1, 0, 1, 0, 0, 0, 0, 0, 1, 0, 0, 0, 1.0, 3, 0, 0, 1, 0, 1.0]"
자바프로그래밍,김규영,컴퓨터공학과,핵심전공,2영역,"[1, 0]","[3, 0, 0]",,1.0,"[1, 0, 0, 0, 0]",0.6,1,1,"[0, 1, 0, 0]",0,1.0,,화/7-9,공과대학_전공_data_2영역_블렌디드.csv,"[0.6, 1, 1, 1, 0, 0, 0, 0, 0, 1, 0, 0, 0, 1.0, 3, 0, 0, 1, 0, 1.0]"
자바프로그래밍,이규중,AI융합학부,핵심전공,2영역,"[1, 0]","[3, 0, 0]",,0.8,"[0, 1, 0, 0, 0]",0.6,1,0,"[0, 1, 0, 0]",0,1.0,,화/7-9,공과대학_전공_data_2영역_블렌디드.csv,"[0.6, 1, 0, 0, 1, 0, 0, 0, 0, 1, 0, 0, 0, 1.0, 3, 0, 0, 1, 0, 0.8]"
고급C++프로그래밍,강종구,AI융합학부,핵심전공,2영역,"[1, 0]","[3, 0, 0]",,0.8,"[0, 1, 0, 0, 0]",0.6,1,0,"[0, 1, 0, 0]",0,0.0,,월/4-6,공과대학_전공_data_2영역_블렌디드.csv,"[0.6, 1, 0, 0, 1, 0, 0, 0, 0, 1, 0, 0, 0, 0.0, 3, 0, 0, 1, 0, 0.8]"
고급C++프로그래밍,강종구,정보시스템공학과,핵심전공,2영역,"[1, 0]","[3, 0, 0]",,0.8,"[0, 1, 0, 0, 0]",0.6,1,0,"[0, 1, 0, 0]",0,0.0,,월/4-6,공과대학_전공_data_2영역_블렌디드.csv,"[0.6, 1, 0, 0, 1, 0, 0, 0, 0, 1, 0, 0, 0, 0.0, 3, 0, 0, 1, 0, 0.8]"
고급C++프로그래밍,강종구,AI융합학부,핵심전공,2영역,"[1, 0]","[3, 0, 0]",,0.8,"[0, 1, 0, 0, 0]",0.6,1,0,"[0, 1, 0, 0]",0,0.0,,수/4-6,공과대학_전공_data_2영역_블렌디드.csv,"[0.6, 1, 0, 0, 1, 0, 0, 0, 0, 1, 0, 0, 0, 0.0, 3, 0, 0, 1, 0, 0.8]"
고급C++프로그래밍,강종구,정보시스템공학과,핵심전공,2영역,"[1, 0]","[3, 0, 0]",,0.8,"[0, 1, 0, 0, 0]",0.6,1,0,"[0, 1, 0, 0]",0,0.0,,수/4-6,공과대학_전공_data_2영역_블렌디드.csv,"[0.6, 1, 0, 0, 1, 0, 0, 0, 0, 1, 0, 0, 0, 0.0, 3, 0, 0, 1, 0, 0.8]"
고급C++프로그래밍,강종구,AI융합학부,핵심전공,2영역,"[1, 0]","[3, 0, 0]",,0.8,"[0, 1, 0, 0, 0]",0.6,1,0,"[0, 1, 0, 0]",0,0.0,,수/7-9,공과대학_전공_data_2영역_블렌디드.csv,"[0.6, 1, 0, 0, 1, 0, 0, 0, 0, 1, 0, 0, 0, 0.0, 3, 0, 0, 1, 0, 0.8]"
고급C++프로그래밍,강종구,정보시스템공학과,핵심전공,2영역,"[1, 0]","[3, 0, 0]",,0.8,"[0, 1, 0, 0, 0]",0.6,1,0,"[0, 1, 0, 0]",0,0.0,,수/7-9,공과대학_전공_data_2영역_블렌디드.csv,"[0.6, 1, 0, 0, 1, 0, 0, 0, 0, 1, 0, 0, 0, 0.0, 3, 0, 0, 1, 0, 0.8]"
자바프로그래밍,김성민,융합보안공학과,핵심전공,2영역,"[1, 0]","[3, 0, 0]",,1.0,"[0, 1, 0, 0, 0]",0.6,1,0,"[1, 0, 0, 0]",1,1.0,,화/4-6,공과대학_전공_data_2영역_블렌디드.csv,"[0.6, 1, 0, 0, 1, 0, 0, 0, 1, 0, 0, 0, 1, 1.0, 3, 0, 0, 1, 0, 1.0]"
자료구조,임연섭,융합보안공학과,핵심전공,2영역,"[1, 0]","[0, 3, 0]",,0.8,"[1, 0, 0, 0, 0]",0.6,1,0,"[0, 1, 0, 0]",0,0.0,,월/4-6,공과대학_전공_data_2영역_원격.csv,"[0.6, 1, 0, 1, 0, 0, 0, 0, 0, 1, 0, 0, 0, 0.0, 0, 3, 0, 1, 0, 0.8]"
운영체제,김준철,서비스디자인공학과,핵심전공,2영역,"[1, 0]","[0, 3, 0]",,1.0,"[1, 0, 0, 0, 0]",0.6,1,0,"[0, 1, 0, 0]",0,0.5,,월/1-3,공과대학_전공_data_2영역_원격.csv,"[0.6, 1, 0, 1, 0, 0, 0, 0, 0, 1, 0, 0, 0, 0.5, 0, 3, 0, 1, 0, 1.0]"
운영체제,김준철,AI융합학부,핵심전공,2영역,"[1, 0]","[0, 3, 0]",,1.0,"[1, 0, 0, 0, 0]",0.6,1,0,"[0, 1, 0, 0]",0,0.5,,월/1-3,공과대학_전공_data_2영역_원격.csv,"[0.6, 1, 0, 1, 0, 0, 0, 0, 0, 1, 0, 0, 0, 0.5, 0, 3, 0, 1, 0, 1.0]"
운영체제,김준철,정보시스템공학과,핵심전공,2영역,"[1, 0]","[0, 3, 0]",,1.0,"[1, 0, 0, 0, 0]",0.6,1,0,"[0, 1, 0, 0]",0,0.5,,월/1-3,공과대학_전공_data_2영역_원격.csv,"[0.6, 1, 0, 1, 0, 0, 0, 0, 0, 1, 0, 0, 0, 0.5, 0, 3, 0, 1, 0, 1.0]"
컴퓨터구조,김준철,AI융합학부,핵심전공,2영역,"[1, 0]","[0, 3, 0]",,1.0,"[1, 0, 0, 0, 0]",0.6,1,0,"[0, 1, 0, 0]",1,1.0,,금/7-9,공과대학_전공_data_2영역_원격.csv,"[0.6, 1, 0, 1, 0, 0, 0, 0, 0, 1, 0, 0, 1, 1.0, 0, 3, 0, 1, 0, 1.0]"
컴퓨터구조,김준철,정보시스템공학과,핵심전공,2영역,"[1, 0]","[0, 3, 0]",,1.0,"[1, 0, 0, 0, 0]",0.6,1,0,"[0, 1, 0, 0]",1,1.0,,금/7-9,공과대학_전공_data_2영역_원격.csv,"[0.6, 1, 0, 1, 0, 0, 0, 0, 0, 1, 0, 0, 1, 1.0, 0, 3, 0, 1, 0, 1.0]"
자료구조,안양준,AI융합학부,핵심전공,2영역,"[1, 0]","[0, 0, 3]",,0.8,"[0, 1, 0, 0, 0]",0.4,1,1,"[0, 1, 0, 0]",0,0.0,,수/1-3,공과대학_전공_data_2영역_일반.csv,"[0.4, 1, 1, 0, 1, 0, 0, 0, 0, 1, 0, 0, 0, 0.0, 0, 0, 3, 1, 0, 0.8]"
자료구조,안양준,AI융합학부,핵심전공,2영역,"[1, 0]","[0, 0, 3]",,0.8,"[0, 1, 0, 0, 0]",0.4,1,1,"[0, 1, 0, 0]",0,0.0,,목/1-3,공과대학_전공_data_2영역_일반.csv,"[0.4, 1, 1, 0, 1, 0, 0, 0, 0, 1, 0, 0, 0, 0.0, 0, 0, 3, 1, 0, 0.8]"
컴퓨터구조,김규영,컴퓨터공학과,핵심전공,2영역,"[1, 0]","[0, 0, 3]",,1.0,"[1, 0, 0, 0, 0]",0.6,1,0,"[0, 1, 0, 0]",0,1.0,,화/1-3,공과대학_전공_data_2영역_일반.csv,"[0.6, 1, 0, 1, 0, 0, 0, 0, 0, 1, 0, 0, 0, 1.0, 0, 0, 3, 1, 0, 1.0]"
자바프로그래밍,안민정,융합보안공학과,핵심전공,2영역,"[1, 0]","[0, 0, 3]",,0.0,"[0, 0, 0, 0, 0]",0.6,1,0,"[0, 0, 0, 0]",0,1.0,,화/7-9,공과대학_전공_data_2영역_일반.csv,"[0.6, 1, 0, 0, 0, 0, 0, 0, 0, 0, 0, 0, 0, 1.0, 0, 0, 3, 1, 0, 0.0]"
자바프로그래밍,정선진,컴퓨터공학과,핵심전공,2영역,"[1, 0]","[0, 0, 3]",,1.0,"[0, 0, 0, 0, 0]",0.6,1,0,"[0, 0, 0, 0]",0,1.0,,수/7-9,공과대학_전공_data_2영역_일반.csv,"[0.6, 1, 0, 0, 0, 0, 0, 0, 0, 0, 0, 0, 0, 1.0, 0, 0, 3, 1, 0, 1.0]"
자바프로그래밍,조성우,AI융합학부,핵심전공,2영역,"[1, 0]","[0, 0, 3]",,0.8,"[0, 1, 0, 0, 0]",0.6,1,0,"[1, 0, 0, 0]",0,0.0,,화/7-9,공과대학_전공_data_2영역_일반.csv,"[0.6, 1, 0, 0, 1, 0, 0, 0, 1, 0, 0, 0, 0, 0.0, 0, 0, 3, 1, 0, 0.8]"
고급C++프로그래밍,심광섭,컴퓨터공학과,핵심전공,2영역,"[1, 0]","[0, 0, 3]",,1.0,"[1, 0, 0, 0, 0]",0.6,1,0,"[0, 1, 0, 0]",1,1.0,,목/7-9,공과대학_전공_data_2영역_일반.csv,"[0.6, 1, 0, 1, 0, 0, 0, 0, 0, 1, 0, 0, 1, 1.0, 0, 0, 3, 1, 0, 1.0]"
고급C++프로그래밍,홍의석,컴퓨터공학과,핵심전공,2영역,"[1, 0]","[0, 0, 3]",,0.8,"[0, 0, 0, 0, 0]",0.6,1,0,"[0, 1, 0, 0]",0,1.0,,목/7-9,공과대학_전공_data_2영역_일반.csv,"[0.6, 1, 0, 0, 0, 0, 0, 0, 0, 1, 0, 0, 0, 1.0, 0, 0, 3, 1, 0, 0.8]"
인공지능,문용혁,컴퓨터공학과,핵심전공,2영역,"[1, 0]","[0, 0, 3]",,0.0,"[0, 0, 0, 0, 0]",0.6,1,0,"[0, 0, 0, 0]",0,1.0,,월/7-9,공과대학_전공_data_2영역_일반.csv,"[0.6, 1, 0, 0, 0, 0, 0, 0, 0, 0, 0, 0, 0, 1.0, 0, 0, 3, 1, 0, 0.0]"
인공지능,이재원,AI융합학부,핵심전공,2영역,"[1, 0]","[0, 0, 3]",,0.8,"[0, 0, 0, 0, 0]",0.4,1,0,"[0, 1, 0, 0]",0,0.0,,수/7-9,공과대학_전공_data_2영역_일반.csv,"[0.4, 1, 0, 0, 0, 0, 0, 0, 0, 1, 0, 0, 0, 0.0, 0, 0, 3, 1, 0, 0.8]"
알고리즘,문용혁,컴퓨터공학과,심화전공,3영역,"[1, 0]","[3, 0, 0]",,1.0,"[1, 0, 0, 0, 0]",0.6,1,0,"[0, 1, 0, 0]",0,1.0,,수/4-6,공과대학_전공_data_3영역_블렌디드.csv,"[0.6, 1, 0, 1, 0, 0, 0, 0, 0, 1, 0, 0, 0, 1.0, 3, 0, 0, 1, 0, 1.0]"
알고리즘,홍기형,서비스디자인공학과,심화전공,3영역,"[1, 0]","[0, 0, 3]",,0.0,"[0, 0, 0, 0, 0]",0.6,0,0,"[0, 0, 0, 0]",0,1.0,,화/4-6,공과대학_전공_data_3영역_일반.csv,"[0.6, 0, 0, 0, 0, 0, 0, 0, 0, 0, 0, 0, 0, 1.0, 0, 0, 3, 1, 0, 0.0]"
알고리즘,김도형,AI융합학부,심화전공,3영역,"[1, 0]","[0, 0, 3]",,0.6,"[0, 0, 0, 0, 1]",0.6,0,0,"[0, 0, 0, 1]",1,0.0,,수/4-6,공과대학_전공_data_3영역_일반.csv,"[0.6, 0, 0, 0, 0, 0, 0, 1, 0, 0, 0, 1, 1, 0.0, 0, 0, 3, 1, 0, 0.6]"
알고리즘,김도형,AI융합학부,심화전공,3영역,"[1, 0]","[0, 0, 3]",,0.6,"[0, 0, 0, 0, 1]",0.6,0,0,"[0, 0, 0, 1]",1,0.0,,목/4-6,공과대학_전공_data_3영역_일반.csv,"[0.6, 0, 0, 0, 0, 0, 0, 1, 0, 0, 0, 1, 1, 0.0, 0, 0, 3, 1, 0, 0.6]"
일반생물학실험 1,이재원,바이오생명공학과,핵심전공,1영역,"[0, 1]","[3, 0, 0]",,1.0,"[1, 0, 0, 0, 0]",0.4,1,0,"[1, 0, 0, 0]",0,0.5,,월/4-6,바이오생명공학과_전공_data_1영역_블렌디드.csv,"[0.4, 1, 0, 1, 0, 0, 0, 0, 1, 0, 0, 0, 0, 0.5, 3, 0, 0, 0, 1, 1.0]"
일반생물학실험 1,김다현,바이오생명공학과,핵심전공,1영역,"[0, 1]","[3, 0, 0]",,1.0,"[1, 0, 0, 0, 0]",0.4,1,1,"[0, 1, 0, 0]",0,0.5,,월/7-9,바이오생명공학과_전공_data_1영역_블렌디드.csv,"[0.4, 1, 1, 1, 0, 0, 0, 0, 0, 1, 0, 0, 0, 0.5, 3, 0, 0, 0, 1, 1.0]"
일반생물학실험 1,김다현,바이오생명공학과,핵심전공,1영역,"[0, 1]","[3, 0, 0]",,1.0,"[1, 0, 0, 0, 0]",0.4,1,1,"[0, 1, 0, 0]",0,0.5,,수/7-9,바이오생명공학과_전공_data_1영역_블렌디드.csv,"[0.4, 1, 1, 1, 0, 0, 0, 0, 0, 1, 0, 0, 0, 0.5, 3, 0, 0, 0, 1, 1.0]"
일반생물학실험 1,윤진호,바이오생명공학과,핵심전공,1영역,"[0, 1]","[3, 0, 0]",,0.8,"[1, 0, 0, 0, 0]",0.4,1,1,"[0, 1, 0, 0]",0,1.0,,화/4-6,바이오생명공학과_전공_data_1영역_블렌디드.csv,"[0.4, 1, 1, 1, 0, 0, 0, 0, 0, 1, 0, 0, 0, 1.0, 3, 0, 0, 0, 1, 0.8]"
일반생물학실험 1,윤진호,바이오생명공학과,핵심전공,1영역,"[0, 1]","[3, 0, 0]",,0.8,"[1, 0, 0, 0, 0]",0.4,1,1,"[0, 1, 0, 0]",0,1.0,,화/7-9,바이오생명공학과_전공_data_1영역_블렌디드.csv,"[0.4, 1, 1, 1, 0, 0, 0, 0, 0, 1, 0, 0, 0, 1.0, 3, 0, 0, 0, 1, 0.8]"
일반생물학실험 1,현경아,바이오생명공학과,핵심전공,1영역,"[0, 1]","[3, 0, 0]",,1.0,"[0, 0, 0, 0, 0]",0.4,1,1,"[0, 0, 0, 0]",0,1.0,,수/4-6,바이오생명공학과_전공_data_1영역_블렌디드.csv,"[0.4, 1, 1, 0, 0, 0, 0, 0, 0, 0, 0, 0, 0, 1.0, 3, 0, 0, 0, 1, 1.0]"
일반생물학실험 1,현경아,바이오생명공학과,핵심전공,1영역,"[0, 1]","[3, 0, 0]",,1.0,"[0, 0, 0, 0, 0]",0.4,1,1,"[0, 0, 0, 0]",0,1.0,,목/4-6,바이오생명공학과_전공_data_1영역_블렌디드.csv,"[0.4, 1, 1, 0, 0, 0, 0, 0, 0, 0, 0, 0, 0, 1.0, 3, 0, 0, 0, 1, 1.0]"
일반생물학실험 1,김성민,바이오생명공학과,핵심전공,1영역,"[0, 1]","[3, 0, 0]",,0.6,"[0, 1, 0, 0, 0]",0.4,1,1,"[0, 1, 0, 0]",0,0.0,,목/7-9,바이오생명공학과_전공_data_1영역_블렌디드.csv,"[0.4, 1, 1, 0, 1, 0, 0, 0, 0, 1, 0, 0, 0, 0.0, 3, 0, 0, 0, 1, 0.6]"
일반생물학실험 1,박은진,바이오생명공학과,핵심전공,1영역,"[0, 1]","[3, 0, 0]",,1.0,"[0, 1, 0, 0, 0]",0.4,1,1,"[0, 1, 0, 0]",1,1.0,,금/4-6,바이오생명공학과_전공_data_1영역_블렌디드.csv,"[0.4, 1, 1, 0, 1, 0, 0, 0, 0, 1, 0, 0, 1, 1.0, 3, 0, 0, 0, 1, 1.0]"
일반생물학실험 1,박은진,바이오생명공학과,핵심전공,1영역,"[0, 1]","[3, 0, 0]",,1.0,"[0, 1, 0, 0, 0]",0.4,1,1,"[0, 1, 0, 0]",1,1.0,,금/7-9,바이오생명공학과_전공_data_1영역_블렌디드.csv,"[0.4, 1, 1, 0, 1, 0, 0, 0, 0, 1, 0, 0, 1, 1.0, 3, 0, 0, 0, 1, 1.0]"
생명공학개론1,전용필,바이오생명공학과,핵심전공,1영역,"[0, 1]","[0, 0, 3]","[1학년전공탐색][GeM(공학과기술 영역)]
HB052500 바이오진로탐색세미나와 합반으로 운영됩니다.",0.6,"[1, 0, 0, 0, 0]",0.6,0,0,"[0, 1, 0, 0]",0,0.5,교수님이 계속 바뀌는 수업,목/1-3,바이오생명공학과_전공_data_1영역_일반.csv,"[0.6, 0, 0, 1, 0, 0, 0, 0, 0, 1, 0, 0, 0, 0.5, 0, 0, 3, 0, 1, 0.6]"
생물공학기초계산,고병준,바이오생명공학과,핵심전공,2영역,"[0, 1]","[0, 0, 3]",,0.6,"[1, 0, 0, 0, 0]",0.6,1,0,"[0, 1, 0, 0]",0,0.0,,화/7-9,바이오생명공학과_전공_data_2영역_일반.csv,"[0.6, 1, 0, 1, 0, 0, 0, 0, 0, 1, 0, 0, 0, 0.0, 0, 0, 3, 0, 1, 0.6]"
식물분류학,문혜경,바이오생명공학과,핵심전공,2영역,"[0, 1]","[0, 0, 3]","식물분류학 실험과 함께 수업, A351 실험실에서 수업 예정",0.0,"[0, 0, 0, 0, 0]",0.6,1,0,"[0, 0, 0, 0]",0,1.0,,목/4-6,바이오생명공학과_전공_data_2영역_일반.csv,"[0.6, 1, 0, 0, 0, 0, 0, 0, 0, 0, 0, 0, 0, 1.0, 0, 0, 3, 0, 1, 0.0]"
식물분류학실험,문혜경,바이오생명공학과,핵심전공,2영역,"[0, 1]","[0, 0, 3]",식물분류학 수강자 또는 기수강자,1.0,"[0, 1, 0, 0, 0]",0.4,1,0,"[0, 1, 0, 0]",0,1.0,,목/7-9,바이오생명공학과_전공_data_2영역_일반.csv,"[0.4, 1, 0, 0, 1, 0, 0, 0, 0, 1, 0, 0, 0, 1.0, 0, 0, 3, 0, 1, 1.0]"
생태학,양권모,바이오생명공학과,핵심전공,2영역,"[0, 1]","[0, 0, 3]",,1.0,"[1, 0, 0, 0, 0]",0.6,1,1,"[0, 1, 0, 0]",1,1.0,,월/4-6,바이오생명공학과_전공_data_2영역_일반.csv,"[0.6, 1, 1, 1, 0, 0, 0, 0, 0, 1, 0, 0, 1, 1.0, 0, 0, 3, 0, 1, 1.0]"
컴퓨터생물학개론,최상철,바이오생명공학과,핵심전공,2영역,"[0, 1]","[0, 0, 3]",,0.8,"[1, 0, 0, 0, 0]",0.6,0,0,"[0, 1, 0, 0]",0,0.0,,월/4-6,바이오생명공학과_전공_data_2영역_일반.csv,"[0.6, 0, 0, 1, 0, 0, 0, 0, 0, 1, 0, 0, 0, 0.0, 0, 0, 3, 0, 1, 0.8]"
생물공정공학,이재원,바이오생명공학과,심화전공,3영역,"[0, 1]","[0, 3, 0]",,1.0,"[1, 0, 0, 0, 0]",0.6,0,0,"[1, 0, 0, 0]",0,1.0,,화/4-6,바이오생명공학과_전공_data_3영역_원격.csv,"[0.6, 0, 0, 1, 0, 0, 0, 0, 1, 0, 0, 0, 0, 1.0, 0, 3, 0, 0, 1, 1.0]"
유전공학,강창수,바이오생명공학과,심화전공,3영역,"[0, 1]","[0, 0, 3]","바이오생명공학과, 바이오신약의과학부 우선 신청",1.0,"[1, 0, 0, 0, 0]",0.6,0,0,"[0, 0, 0, 1]",0,0.5,강의평이 좀 갈림.,월/7-9,바이오생명공학과_전공_data_3영역_일반.csv,"[0.6, 0, 0, 1, 0, 0, 0, 0, 0, 0, 0, 1, 0, 0.5, 0, 0, 3, 0, 1, 1.0]"
생리학,전용필,바이오생명공학과,심화전공,3영역,"[0, 1]","[0, 0, 3]",,0.4,"[1, 0, 0, 0, 0]",0.6,1,0,"[0, 1, 0, 0]",0,0.0,,목/7-9,바이오생명공학과_전공_data_3영역_일반.csv,"[0.6, 1, 0, 1, 0, 0, 0, 0, 0, 1, 0, 0, 0, 0.0, 0, 0, 3, 0, 1, 0.4]"
생물통계학,최상철,바이오생명공학과,심화전공,3영역,"[0, 1]","[0, 0, 3]",,0.8,"[0, 1, 0, 0, 0]",0.6,1,0,"[0, 1, 0, 0]",1,0.0,,목/4-6,바이오생명공학과_전공_data_3영역_일반.csv,"[0.6, 1, 0, 0, 1, 0, 0, 0, 0, 1, 0, 0, 1, 0.0, 0, 0, 3, 0, 1, 0.8]"
바이오분석기기학,고병준,바이오생명공학과,심화전공,3영역,"[0, 1]","[0, 0, 3]",2025학년도 기준 3영역으로 변경되었으니 참고 부탁드립니다. (기존에 들었던 과목을 재수강할 경우 4->3영역으로 바뀌어 이수되므로 유의바람),0.8,"[1, 0, 0, 0, 0]",0.6,1,0,"[0, 1, 0, 0]",0,0.0,,월/7-9,바이오생명공학과_전공_data_3영역_일반.csv,"[0.6, 1, 0, 1, 0, 0, 0, 0, 0, 1, 0, 0, 0, 0.0, 0, 0, 3, 0, 1, 0.8]"
줄기세포공학,전용필,바이오생명공학과,심화전공,4영역,"[0, 1]","[0, 0, 3]",,0.6,"[0, 1, 0, 0, 0]",0.6,1,0,"[0, 1, 0, 0]",0,0.0,,목/4-6,바이오생명공학과_전공_data_4영역_일반.csv,"[0.6, 1, 0, 0, 1, 0, 0, 0, 0, 1, 0, 0, 0, 0.0, 0, 0, 3, 0, 1, 0.6]"
생명공학창의설계 1,최상철,바이오생명공학과,심화전공,4영역,"[0, 1]","[0, 0, 3]",,0.0,"[0, 0, 0, 0, 0]",0.2,1,1,"[0, 0, 0, 0]",0,1.0,,금/7-9,바이오생명공학과_전공_data_4영역_일반.csv,"[0.2, 1, 1, 0, 0, 0, 0, 0, 0, 0, 0, 0, 0, 1.0, 0, 0, 3, 0, 1, 0.0]"
발생학-발생공학 실험,전용필,바이오생명공학과,심화전공,4영역,"[0, 1]","[0, 0, 3]",구 발생공학실험[LG003400],0.8,"[0, 0, 0, 0, 0]",0.4,1,0,"[0, 0, 0, 0]",0,1.0,,화/1-3,바이오생명공학과_전공_data_4영역_일반.csv,"[0.4, 1, 0, 0, 0, 0, 0, 0, 0, 0, 0, 0, 0, 1.0, 0, 0, 3, 0, 1, 0.8]"
전임상의학 및 실습,김다현,바이오생명공학과,심화전공,4영역,"[0, 1]","[0, 0, 3]",전 실험동물의학 및 실습[LG004400],1.0,"[1, 0, 0, 0, 0]",0.6,0,0,"[0, 1, 0, 0]",0,1.0,,수/4-6,바이오생명공학과_전공_data_4영역_일반.csv,"[0.6, 0, 0, 1, 0, 0, 0, 0, 0, 1, 0, 0, 0, 1.0, 0, 0, 3, 0, 1, 1.0]"
푸드테크 연구 동향 및 전망,송경모,바이오식품공학과,핵심전공,1영역,"[0, 1]","[0, 0, 3]",[1학년전공탐색][GeM(공학과기술)],0.8,"[1, 0, 0, 0, 0]",0.6,0,1,"[0, 1, 0, 0]",0,0.0,,화/4-6,바이오식품공학과_data_1영역_일반.csv,"[0.6, 0, 1, 1, 0, 0, 0, 0, 0, 1, 0, 0, 0, 0.0, 0, 0, 3, 0, 1, 0.8]"
바이오식품미생물공학,현정은,바이오식품공학과,핵심전공,2영역,"[0, 1]","[0, 3, 0]",*식품영양학과 개설 식품미생물학 교과목과 합반 예정,1.0,"[0, 1, 0, 0, 0]",0.6,0,0,"[0, 1, 0, 0]",0,1.0,,월/4-6,바이오식품공학과_data_2영역_원격.csv,"[0.6, 0, 0, 0, 1, 0, 0, 0, 0, 1, 0, 0, 0, 1.0, 0, 3, 0, 0, 1, 1.0]"
식품 물리화학,채정민,바이오식품공학과,핵심전공,2영역,"[0, 1]","[0, 0, 3]",,0.6,"[0, 1, 0, 0, 0]",0.8,0,0,"[0, 1, 0, 0]",0,1.0,,목/7-9,바이오식품공학과_data_2영역_일반.csv,"[0.8, 0, 0, 0, 1, 0, 0, 0, 0, 1, 0, 0, 0, 1.0, 0, 0, 3, 0, 1, 0.6]"
생화학 1,나혜경,바이오식품공학과,핵심전공,2영역,"[0, 1]","[0, 0, 3]",*생물화학 수강자에 한함,0.4,"[1, 0, 0, 0, 0]",0.6,0,0,"[0, 1, 0, 0]",1,0.0,,화/4-6,바이오식품공학과_data_2영역_일반.csv,"[0.6, 0, 0, 1, 0, 0, 0, 0, 0, 1, 0, 0, 1, 0.0, 0, 0, 3, 0, 1, 0.4]"
유기화학,윤현근,바이오식품공학과,핵심전공,2영역,"[0, 1]","[0, 0, 3]",,0.8,"[1, 0, 0, 0, 0]",0.8,0,0,"[0, 0, 0, 1]",0,1.0,,화/7-9,바이오식품공학과_data_2영역_일반.csv,"[0.8, 0, 0, 1, 0, 0, 0, 0, 0, 0, 0, 1, 0, 1.0, 0, 0, 3, 0, 1, 0.8]"
생명공학,이유,바이오식품공학과,핵심전공,2영역,"[0, 1]","[0, 0, 3]",,1.0,"[0, 1, 0, 0, 0]",0.6,0,0,"[0, 1, 0, 0]",0,1.0,,목/1-3,바이오식품공학과_data_2영역_일반.csv,"[0.6, 0, 0, 0, 1, 0, 0, 0, 0, 1, 0, 0, 0, 1.0, 0, 0, 3, 0, 1, 1.0]"
식품분석실험,김동섭,바이오식품공학과,핵심전공,2영역,"[0, 1]","[0, 0, 3]",,0.0,"[0, 0, 0, 0, 0]",0.6,1,1,"[0, 0, 0, 0]",0,1.0,,수/7-9,바이오식품공학과_data_2영역_일반.csv,"[0.6, 1, 1, 0, 0, 0, 0, 0, 0, 0, 0, 0, 0, 1.0, 0, 0, 3, 0, 1, 0.0]"
식품응용수학,송경모,바이오식품공학과,핵심전공,2영역,"[0, 1]","[0, 0, 3]",,1.0,"[0, 0, 0, 0, 0]",0.8,0,0,"[0, 0, 0, 0]",0,1.0,,목/4-6,바이오식품공학과_data_2영역_일반.csv,"[0.8, 0, 0, 0, 0, 0, 0, 0, 0, 0, 0, 0, 0, 1.0, 0, 0, 3, 0, 1, 1.0]"
바이오식품화학 1,윤현근,바이오식품공학과,심화전공,3영역,"[0, 1]","[0, 0, 3]",,0.8,"[1, 0, 0, 0, 0]",0.8,0,0,"[0, 0, 0, 1]",0,1.0,,수/7-9,바이오식품공학과_data_3영역_일반.csv,"[0.8, 0, 0, 1, 0, 0, 0, 0, 0, 0, 0, 1, 0, 1.0, 0, 0, 3, 0, 1, 0.8]"
기능성 식품 생리 기전학,나혜경,바이오식품공학과,심화전공,3영역,"[0, 1]","[0, 0, 3]",*생화학 수업 이수자에 한함,0.6,"[0, 1, 0, 0, 0]",0.6,1,0,"[1, 0, 0, 0]",0,0.0,,월/4-6,바이오식품공학과_data_3영역_일반.csv,"[0.6, 1, 0, 0, 1, 0, 0, 0, 1, 0, 0, 0, 0, 0.0, 0, 0, 3, 0, 1, 0.6]"
바이오식품공학 1,송경모,바이오식품공학과,심화전공,3영역,"[0, 1]","[0, 0, 3]",*외국어전용강좌(영어),0.0,"[0, 0, 0, 0, 0]",0.6,1,0,"[0, 0, 0, 0]",0,1.0,,월/7-9,바이오식품공학과_data_3영역_일반.csv,"[0.6, 1, 0, 0, 0, 0, 0, 0, 0, 0, 0, 0, 0, 1.0, 0, 0, 3, 0, 1, 0.0]"
바이오식품안전실험,현정은,바이오식품공학과,심화전공,3영역,"[0, 1]","[0, 0, 3]",,1.0,"[0, 1, 0, 0, 0]",0.6,1,0,"[1, 0, 0, 0]",0,1.0,,수/4-6,바이오식품공학과_data_3영역_일반.csv,"[0.6, 1, 0, 0, 1, 0, 0, 0, 1, 0, 0, 0, 0, 1.0, 0, 0, 3, 0, 1, 1.0]"
바이오식품가공학,장혜원,바이오식품공학과,심화전공,4영역,"[0, 1]","[3, 0, 0]",,1.0,"[0, 1, 0, 0, 0]",0.6,1,1,"[0, 1, 0, 0]",0,1.0,,수/7-9,바이오식품공학과_data_4영역_블렌디드.csv,"[0.6, 1, 1, 0, 1, 0, 0, 0, 0, 1, 0, 0, 0, 1.0, 3, 0, 0, 0, 1, 1.0]"
기능성식품학,윤현근,바이오식품공학과,심화전공,4영역,"[0, 1]","[0, 0, 3]",,1.0,"[1, 0, 0, 0, 0]",0.8,1,0,"[0, 1, 0, 0]",0,1.0,,목/7-9,바이오식품공학과_data_4영역_일반.csv,"[0.8, 1, 0, 1, 0, 0, 0, 0, 0, 1, 0, 0, 0, 1.0, 0, 0, 3, 0, 1, 1.0]"
바이오식품가공학 및 공학 실험,장혜원,바이오식품공학과,심화전공,4영역,"[0, 1]","[0, 0, 3]",,1.0,"[0, 1, 0, 0, 0]",0.6,1,1,"[1, 0, 0, 0]",0,1.0,,화/4-6,바이오식품공학과_data_4영역_일반.csv,"[0.6, 1, 1, 0, 1, 0, 0, 0, 1, 0, 0, 0, 0, 1.0, 0, 0, 3, 0, 1, 1.0]"
식품소재 효능 평가실험,나혜경,바이오식품공학과,심화전공,4영역,"[0, 1]","[0, 0, 3]",*생화학 수업 이수자에 한함,1.0,"[0, 0, 0, 0, 0]",0.2,1,1,"[0, 0, 0, 0]",0,1.0,,목/4-6,바이오식품공학과_data_4영역_일반.csv,"[0.2, 1, 1, 0, 0, 0, 0, 0, 0, 0, 0, 0, 0, 1.0, 0, 0, 3, 0, 1, 1.0]"
바이오식품설계,장혜원,바이오식품공학과,심화전공,4영역,"[0, 1]","[0, 0, 3]","*바이오식품설계를 수강하거나 청강한 학생에게 졸업논문제출자격을 부여함 
(단, 2019학번 이후 학번들 중 학술제 입상자들에 한해서도 졸업논문제출자격을 부여함. 이 경우, 졸업논문 작성지도를 희망할 경우 수강 가능함)",1.0,"[0, 0, 0, 0, 0]",0.2,1,0,"[0, 0, 0, 0]",0,1.0,,화/1-3,바이오식품공학과_data_4영역_일반.csv,"[0.2, 1, 0, 0, 0, 0, 0, 0, 0, 0, 0, 0, 0, 1.0, 0, 0, 3, 0, 1, 1.0]"
바이오진로탐색세미나,전용필,바이오신약의과학부,핵심전공,1영역,"[0, 1]","[0, 0, 3]","[1학년전공탐색][GeM(도전과실천)]
LG004700 생명공학개론1과 합반 운영됩니다.",0.6,"[1, 0, 0, 0, 0]",0.6,0,0,"[0, 1, 0, 0]",1,0.5,교수님들이 돌아가면서 수업하심,목/1-3,바이오신약의과학부_data_1영역_일반.csv,"[0.6, 0, 0, 1, 0, 0, 0, 0, 0, 1, 0, 0, 1, 0.5, 0, 0, 3, 0, 1, 0.6]"
미적분학 및 연습 1,조명원,바이오신약의과학부,핵심전공,2영역,"[0, 1]","[3, 0, 0]",,1.0,"[0, 1, 0, 0, 0]",0.6,1,0,"[0, 1, 0, 0]",0,1.0,,금/7-9,바이오신약의과학부_data_2영역_블렌디드.csv,"[0.6, 1, 0, 0, 1, 0, 0, 0, 0, 1, 0, 0, 0, 1.0, 3, 0, 0, 0, 1, 1.0]"
유기화학 1,이지연,바이오신약의과학부,핵심전공,2영역,"[0, 1]","[0, 3, 0]",,0.8,"[1, 0, 0, 0, 0]",0.6,1,0,"[0, 1, 0, 0]",0,1.0,,화/4-6,바이오신약의과학부_data_2영역_원격.csv,"[0.6, 1, 0, 1, 0, 0, 0, 0, 0, 1, 0, 0, 0, 1.0, 0, 3, 0, 0, 1, 0.8]"
의약품분석학,고병준,바이오신약의과학부,핵심전공,2영역,"[0, 1]","[0, 0, 3]",,0.6,"[1, 0, 0, 0, 0]",0.6,1,0,"[0, 1, 0, 0]",0,0.0,,화/1-3,바이오신약의과학부_data_2영역_일반.csv,"[0.6, 1, 0, 1, 0, 0, 0, 0, 0, 1, 0, 0, 0, 0.0, 0, 0, 3, 0, 1, 0.6]"
물리학 1,조명원,바이오신약의과학부,심화전공,3영역,"[0, 1]","[3, 0, 0]",,1.0,"[0, 0, 0, 0, 0]",0.2,1,0,"[0, 1, 0, 0]",0,1.0,,금/4-6,바이오신약의과학부_data_3영역_블렌디드.csv,"[0.2, 1, 0, 0, 0, 0, 0, 0, 0, 1, 0, 0, 0, 1.0, 3, 0, 0, 0, 1, 1.0]"
바이오신약실험,나정현,바이오신약의과학부,심화전공,3영역,"[0, 1]","[3, 0, 0]",*추가 분반 개설 없음 유의,1.0,"[0, 0, 0, 0, 0]",0.4,0,1,"[0, 0, 0, 0]",0,1.0,,수/4-6,바이오신약의과학부_data_3영역_블렌디드.csv,"[0.4, 0, 1, 0, 0, 0, 0, 0, 0, 0, 0, 0, 0, 1.0, 3, 0, 0, 0, 1, 1.0]"
바이오신약실험,나정현,바이오신약의과학부,심화전공,3영역,"[0, 1]","[3, 0, 0]",*추가 분반 개설 없음 유의,1.0,"[0, 0, 0, 0, 0]",0.4,0,1,"[0, 0, 0, 0]",0,1.0,,수/7-9,바이오신약의과학부_data_3영역_블렌디드.csv,"[0.4, 0, 1, 0, 0, 0, 0, 0, 0, 0, 0, 0, 0, 1.0, 3, 0, 0, 0, 1, 1.0]"
면역학,송재민,바이오신약의과학부,심화전공,3영역,"[0, 1]","[0, 3, 0]",,0.8,"[1, 0, 0, 0, 0]",0.6,0,0,"[0, 1, 0, 0]",0,1.0,,수/4-6,바이오신약의과학부_data_3영역_원격.csv,"[0.6, 0, 0, 1, 0, 0, 0, 0, 0, 1, 0, 0, 0, 1.0, 0, 3, 0, 0, 1, 0.8]"
생화학 1,나정현,바이오신약의과학부,심화전공,3영역,"[0, 1]","[0, 0, 3]",*증원계획 없음 유의,1.0,"[1, 0, 0, 0, 0]",0.6,0,0,"[1, 0, 0, 0]",0,1.0,,화/7-9,바이오신약의과학부_data_3영역_일반.csv,"[0.6, 0, 0, 1, 0, 0, 0, 0, 1, 0, 0, 0, 0, 1.0, 0, 0, 3, 0, 1, 1.0]"
물리학실험,조명원,바이오신약의과학부,심화전공,3영역,"[0, 1]","[0, 0, 3]",,1.0,"[0, 1, 0, 0, 0]",0.2,1,1,"[1, 0, 0, 0]",0,1.0,,월/7-9,바이오신약의과학부_data_3영역_일반.csv,"[0.2, 1, 1, 0, 1, 0, 0, 0, 1, 0, 0, 0, 0, 1.0, 0, 0, 3, 0, 1, 1.0]"
연구방법론 1,나정현,바이오신약의과학부,심화전공,3영역,"[0, 1]","[0, 0, 3]","*한 학기 총 실습80시간 이상 이수한 자에 한하여 수강 가능
*수강신청 전 담당교수 면담 필수
*이수시간 미달 시 학점 부여 불가
*방학 동안 예비 실험 수행한 학생에 한하여 수강 가능",0.0,"[0, 0, 0, 0, 0]",0.2,1,0,"[0, 0, 0, 0]",0,1.0,,금/1-3,바이오신약의과학부_data_3영역_일반.csv,"[0.2, 1, 0, 0, 0, 0, 0, 0, 0, 0, 0, 0, 0, 1.0, 0, 0, 3, 0, 1, 0.0]"
의약화학 1,이지연,바이오신약의과학부,심화전공,4영역,"[0, 1]","[0, 0, 3]",,0.8,"[0, 1, 0, 0, 0]",0.6,1,0,"[0, 1, 0, 0]",0,1.0,,화/7-9,바이오신약의과학부_data_4영역_일반.csv,"[0.6, 1, 0, 0, 1, 0, 0, 0, 0, 1, 0, 0, 0, 1.0, 0, 0, 3, 0, 1, 0.8]"
생물분자구조학,나정현,바이오신약의과학부,심화전공,4영역,"[0, 1]","[0, 0, 3]","*외국어전용강좌(영어)
*생화학 1 수업 이수자에 한함
*중간고사 시험 이후 개인 노트북 (Windows용) 지참 필요",1.0,"[1, 0, 0, 0, 0]",0.4,1,0,"[1, 0, 0, 0]",0,1.0,,월/4-6,바이오신약의과학부_data_4영역_일반.csv,"[0.4, 1, 0, 1, 0, 0, 0, 0, 1, 0, 0, 0, 0, 1.0, 0, 0, 3, 0, 1, 1.0]"
고급기계학습,박관영,빅데이터사이언스,심화전공,4영역,"[1, 0]","[0, 0, 3]",,1.0,"[0, 1, 0, 0, 0]",0.6,1,0,"[1, 0, 0, 0]",1,1.0,,화/7-9,빅데이터사이언스_data_4영역_일반.csv,"[0.6, 1, 0, 0, 1, 0, 0, 0, 1, 0, 0, 0, 1, 1.0, 0, 0, 3, 1, 0, 1.0]"
서비스디자인 씽킹,최민영,서비스디자인공학과,핵심전공,1영역,"[1, 0]","[0, 0, 3]",[1학년전공탐색] [GeM(공학과기술)],1.0,"[1, 0, 0, 0, 0]",0.4,1,1,"[0, 1, 0, 0]",0,1.0,,수/7-9,서비스디자인공학과_data_1영역_일반.csv,"[0.4, 1, 1, 1, 0, 0, 0, 0, 0, 1, 0, 0, 0, 1.0, 0, 0, 3, 1, 0, 1.0]"
서비스디자인 개론,최민영,서비스디자인공학과,핵심전공,2영역,"[1, 0]","[0, 0, 3]",,0.0,"[0, 0, 0, 0, 0]",0.4,1,0,"[0, 0, 0, 0]",0,1.0,,화/4-6,서비스디자인공학과_data_2영역_일반.csv,"[0.4, 1, 0, 0, 0, 0, 0, 0, 0, 0, 0, 0, 0, 1.0, 0, 0, 3, 1, 0, 0.0]"
UX 프로토타이핑,김환,서비스디자인공학과,핵심전공,2영역,"[1, 0]","[0, 0, 3]",,1.0,"[0, 1, 0, 0, 0]",0.2,1,0,"[0, 1, 0, 0]",0,1.0,,월/4-6,서비스디자인공학과_data_2영역_일반.csv,"[0.2, 1, 0, 0, 1, 0, 0, 0, 0, 1, 0, 0, 0, 1.0, 0, 0, 3, 1, 0, 1.0]"
UX 프로토타이핑,김환,서비스디자인공학과,핵심전공,2영역,"[1, 0]","[0, 0, 3]",,1.0,"[0, 1, 0, 0, 0]",0.2,1,0,"[0, 1, 0, 0]",0,1.0,,월/7-9,서비스디자인공학과_data_2영역_일반.csv,"[0.2, 1, 0, 0, 1, 0, 0, 0, 0, 1, 0, 0, 0, 1.0, 0, 0, 3, 1, 0, 1.0]"
정보설계와 시각화,이자인,서비스디자인공학과,핵심전공,2영역,"[1, 0]","[0, 0, 3]",,0.8,"[1, 0, 0, 0, 0]",0.2,1,0,"[0, 1, 0, 0]",1,0.0,,수/4-6,서비스디자인공학과_data_2영역_일반.csv,"[0.2, 1, 0, 1, 0, 0, 0, 0, 0, 1, 0, 0, 1, 0.0, 0, 0, 3, 1, 0, 0.8]"
정보설계와 시각화,이자인,서비스디자인공학과,핵심전공,2영역,"[1, 0]","[0, 0, 3]",,0.8,"[1, 0, 0, 0, 0]",0.2,1,0,"[0, 1, 0, 0]",1,0.0,,수/7-9,서비스디자인공학과_data_2영역_일반.csv,"[0.2, 1, 0, 1, 0, 0, 0, 0, 0, 1, 0, 0, 1, 0.0, 0, 0, 3, 1, 0, 0.8]"
라이프스타일과 트렌드,신민아,서비스디자인공학과,핵심전공,2영역,"[1, 0]","[0, 0, 3]",,0.8,"[0, 1, 0, 0, 0]",0.2,1,1,"[0, 1, 0, 0]",0,0.5,강의력에 대한 이야기가 없어서 보통으로 처리,수/4-6,서비스디자인공학과_data_2영역_일반.csv,"[0.2, 1, 1, 0, 1, 0, 0, 0, 0, 1, 0, 0, 0, 0.5, 0, 0, 3, 1, 0, 0.8]"
모바일프로그래밍 기초,윤상덕,서비스디자인공학과,핵심전공,2영역,"[1, 0]","[0, 0, 3]",,0.0,"[0, 0, 0, 0, 0]",0.4,1,0,"[0, 0, 0, 0]",0,1.0,,화/7-9,서비스디자인공학과_data_2영역_일반.csv,"[0.4, 1, 0, 0, 0, 0, 0, 0, 0, 0, 0, 0, 0, 1.0, 0, 0, 3, 1, 0, 0.0]"
VR 콘텐츠디자인,김현석,서비스디자인공학과,심화전공,3영역,"[1, 0]","[3, 0, 0]",,1.0,"[1, 0, 0, 0, 0]",0.2,1,0,"[0, 1, 0, 0]",0,1.0,,화/4-6,서비스디자인공학과_data_3영역_블렌디드.csv,"[0.2, 1, 0, 1, 0, 0, 0, 0, 0, 1, 0, 0, 0, 1.0, 3, 0, 0, 1, 0, 1.0]"
VR 콘텐츠디자인,김현석,서비스디자인공학과,심화전공,3영역,"[1, 0]","[3, 0, 0]",,1.0,"[1, 0, 0, 0, 0]",0.2,1,0,"[0, 1, 0, 0]",0,1.0,,화/7-9,서비스디자인공학과_data_3영역_블렌디드.csv,"[0.2, 1, 0, 1, 0, 0, 0, 0, 0, 1, 0, 0, 0, 1.0, 3, 0, 0, 1, 0, 1.0]"
서비스/UX 디자인 라이팅,이여름,서비스디자인공학과,심화전공,3영역,"[1, 0]","[3, 0, 0]",,0.8,"[1, 0, 0, 0, 0]",0.2,1,1,"[0, 1, 0, 0]",0,0.5,강의력 의견없음,월/4-6,서비스디자인공학과_data_3영역_블렌디드.csv,"[0.2, 1, 1, 1, 0, 0, 0, 0, 0, 1, 0, 0, 0, 0.5, 3, 0, 0, 1, 0, 0.8]"
제품서비스시스템디자인,우다해,서비스디자인공학과,심화전공,3영역,"[1, 0]","[0, 0, 3]",,0.0,"[0, 0, 0, 0, 0]",0.2,1,1,"[0, 0, 0, 0]",0,1.0,,월/7-9,서비스디자인공학과_data_3영역_일반.csv,"[0.2, 1, 1, 0, 0, 0, 0, 0, 0, 0, 0, 0, 0, 1.0, 0, 0, 3, 1, 0, 0.0]"
비즈니스모델링,이여름,서비스디자인공학과,심화전공,3영역,"[1, 0]","[0, 0, 3]",,0.8,"[1, 0, 0, 0, 0]",0.2,1,1,"[0, 0, 0, 1]",0,0.5,강의력 의견이 좀 많이 갈림,목/4-6,서비스디자인공학과_data_3영역_일반.csv,"[0.2, 1, 1, 1, 0, 0, 0, 0, 0, 0, 0, 1, 0, 0.5, 0, 0, 3, 1, 0, 0.8]"
HCI방법론실습,김환,서비스디자인공학과,심화전공,3영역,"[1, 0]","[0, 0, 3]",,1.0,"[1, 0, 0, 0, 0]",0.2,1,1,"[0, 1, 0, 0]",0,1.0,,목/4-6,서비스디자인공학과_data_3영역_일반.csv,"[0.2, 1, 1, 1, 0, 0, 0, 0, 0, 1, 0, 0, 0, 1.0, 0, 0, 3, 1, 0, 1.0]"
HCI방법론실습,김환,서비스디자인공학과,심화전공,3영역,"[1, 0]","[0, 0, 3]",,1.0,"[1, 0, 0, 0, 0]",0.2,1,1,"[0, 1, 0, 0]",0,1.0,,목/7-9,서비스디자인공학과_data_3영역_일반.csv,"[0.2, 1, 1, 1, 0, 0, 0, 0, 0, 1, 0, 0, 0, 1.0, 0, 0, 3, 1, 0, 1.0]"
사회적서비스디자인,우다해,서비스디자인공학과,심화전공,4영역,"[1, 0]","[0, 0, 3]",,1.0,"[1, 0, 0, 0, 0]",0.2,0,1,"[1, 0, 0, 0]",0,1.0,,목/7-9,서비스디자인공학과_data_4영역_일반.csv,"[0.2, 0, 1, 1, 0, 0, 0, 0, 1, 0, 0, 0, 0, 1.0, 0, 0, 3, 1, 0, 1.0]"
AI융합디자인,김현석,서비스디자인공학과,심화전공,4영역,"[1, 0]","[0, 0, 3]",,0.8,"[1, 0, 0, 0, 0]",0.2,1,1,"[0, 1, 0, 0]",0,1.0,,수/7-9,서비스디자인공학과_data_4영역_일반.csv,"[0.2, 1, 1, 1, 0, 0, 0, 0, 0, 1, 0, 0, 0, 1.0, 0, 0, 3, 1, 0, 0.8]"
데이터기반 서비스디자인,윤상덕,서비스디자인공학과,심화전공,4영역,"[1, 0]","[0, 0, 3]",,0.8,"[1, 0, 0, 0, 0]",0.2,1,1,"[1, 0, 0, 0]",1,1.0,,목/4-6,서비스디자인공학과_data_4영역_일반.csv,"[0.2, 1, 1, 1, 0, 0, 0, 0, 1, 0, 0, 0, 1, 1.0, 0, 0, 3, 1, 0, 0.8]"
서비스디자인스튜디오,최민영,서비스디자인공학과,심화전공,4영역,"[1, 0]","[0, 0, 3]",,0.0,"[0, 0, 0, 0, 0]",0.2,1,1,"[0, 0, 0, 0]",0,1.0,,수/4-6,서비스디자인공학과_data_4영역_일반.csv,"[0.2, 1, 1, 0, 0, 0, 0, 0, 0, 0, 0, 0, 0, 1.0, 0, 0, 3, 1, 0, 0.0]"
탁구,이시은,스포츠과학부,핵심전공,1영역,"[1, 0]","[0, 0, 3]",,1.0,"[0, 1, 0, 0, 0]",0.6,1,0,"[1, 0, 0, 0]",0,1.0,,목/7-9,스포츠과학부_data_1영역_일반.csv,"[0.6, 1, 0, 0, 1, 0, 0, 0, 1, 0, 0, 0, 0, 1.0, 0, 0, 3, 1, 0, 1.0]"
유기화학,이석희,식품영양학,핵심전공,2영역,"[0, 1]","[0, 0, 3]",,1.0,"[0, 1, 0, 0, 0]",0.6,0,0,"[0, 1, 0, 0]",0,1.0,,화/4-6,식품영양학_data_2영역_일반.csv,"[0.6, 0, 0, 0, 1, 0, 0, 0, 0, 1, 0, 0, 0, 1.0, 0, 0, 3, 0, 1, 1.0]"
정보보호법과 보안정책,홍준호,융합보안공학과,핵심전공,2영역,"[1, 0]","[3, 0, 0]",,0.8,"[0, 1, 0, 0, 0]",0.6,1,0,"[0, 1, 0, 0]",1,0.0,,월/7-9,융합보안공학과_data_2영역_블렌디드.csv,"[0.6, 1, 0, 0, 1, 0, 0, 0, 0, 1, 0, 0, 1, 0.0, 3, 0, 0, 1, 0, 0.8]"
웹 보안,손용하,융합보안공학과,핵심전공,2영역,"[1, 0]","[3, 0, 0]",,1.0,"[0, 0, 0, 0, 0]",0.6,1,0,"[0, 1, 0, 0]",0,0.5,,수/4-6,융합보안공학과_data_2영역_블렌디드.csv,"[0.6, 1, 0, 0, 0, 0, 0, 0, 0, 1, 0, 0, 0, 0.5, 3, 0, 0, 1, 0, 1.0]"
웹 보안,손용하,융합보안공학과,핵심전공,2영역,"[1, 0]","[3, 0, 0]",,1.0,"[0, 0, 0, 0, 0]",0.6,1,0,"[0, 1, 0, 0]",0,0.5,,목/4-6,융합보안공학과_data_2영역_블렌디드.csv,"[0.6, 1, 0, 0, 0, 0, 0, 0, 0, 1, 0, 0, 0, 0.5, 3, 0, 0, 1, 0, 1.0]"
웹 보안,손용하,융합보안공학과,핵심전공,2영역,"[1, 0]","[3, 0, 0]",,1.0,"[0, 0, 0, 0, 0]",0.6,1,0,"[0, 1, 0, 0]",0,0.5,,월/7-9,융합보안공학과_data_2영역_블렌디드.csv,"[0.6, 1, 0, 0, 0, 0, 0, 0, 0, 1, 0, 0, 0, 0.5, 3, 0, 0, 1, 0, 1.0]"
융합보안개론,김경진,융합보안공학과,핵심전공,2영역,"[1, 0]","[0, 0, 3]",,0.8,"[1, 0, 0, 0, 0]",0.6,0,0,"[0, 1, 0, 0]",1,0.5,,목/7-9,융합보안공학과_data_2영역_일반.csv,"[0.6, 0, 0, 1, 0, 0, 0, 0, 0, 1, 0, 0, 1, 0.5, 0, 0, 3, 1, 0, 0.8]"
인공지능기초,이영한,융합보안공학과,핵심전공,2영역,"[1, 0]","[0, 0, 3]",,0.8,"[0, 0, 0, 0, 0]",0.6,1,0,"[0, 0, 0, 0]",1,1.0,,수/7-9,융합보안공학과_data_2영역_일반.csv,"[0.6, 1, 0, 0, 0, 0, 0, 0, 0, 0, 0, 0, 1, 1.0, 0, 0, 3, 1, 0, 0.8]"
시스템 보안,김성민,융합보안공학과,심화전공,3영역,"[1, 0]","[3, 0, 0]",,1.0,"[1, 0, 0, 0, 0]",0.6,1,0,"[0, 1, 0, 0]",0,1.0,,월/4-6,융합보안공학과_data_3영역_블렌디드.csv,"[0.6, 1, 0, 1, 0, 0, 0, 0, 0, 1, 0, 0, 0, 1.0, 3, 0, 0, 1, 0, 1.0]"
시스템 보안,김성민,융합보안공학과,심화전공,3영역,"[1, 0]","[3, 0, 0]",,1.0,"[1, 0, 0, 0, 0]",0.6,1,0,"[0, 1, 0, 0]",0,1.0,,월/7-9,융합보안공학과_data_3영역_블렌디드.csv,"[0.6, 1, 0, 1, 0, 0, 0, 0, 0, 1, 0, 0, 0, 1.0, 3, 0, 0, 1, 0, 1.0]"
융합보안 포렌식,김학경,융합보안공학과,심화전공,3영역,"[1, 0]","[0, 0, 3]",,1.0,"[1, 0, 0, 0, 0]",0.6,0,0,"[0, 1, 0, 0]",1,1.0,,수/7-9,융합보안공학과_data_3영역_일반.csv,"[0.6, 0, 0, 1, 0, 0, 0, 0, 0, 1, 0, 0, 1, 1.0, 0, 0, 3, 1, 0, 1.0]"
융합보안 포렌식,이상학,융합보안공학과,심화전공,3영역,"[1, 0]","[0, 0, 3]",,1.0,"[1, 0, 0, 0, 0]",0.6,1,0,"[0, 1, 0, 0]",0,0.0,,수/7-9,융합보안공학과_data_3영역_일반.csv,"[0.6, 1, 0, 1, 0, 0, 0, 0, 0, 1, 0, 0, 0, 0.0, 0, 0, 3, 1, 0, 1.0]"
네트워크 보안,임연섭,융합보안공학과,심화전공,3영역,"[1, 0]","[0, 0, 3]",,1.0,"[0, 1, 0, 0, 0]",0.6,1,0,"[0, 1, 0, 0]",0,1.0,,화/4-6,융합보안공학과_data_3영역_일반.csv,"[0.6, 1, 0, 0, 1, 0, 0, 0, 0, 1, 0, 0, 0, 1.0, 0, 0, 3, 1, 0, 1.0]"
네트워크 보안,박나은,융합보안공학과,심화전공,3영역,"[1, 0]","[0, 0, 3]",,1.0,"[0, 1, 0, 0, 0]",0.6,1,0,"[0, 1, 0, 0]",1,1.0,,화/7-9,융합보안공학과_data_3영역_일반.csv,"[0.6, 1, 0, 0, 1, 0, 0, 0, 0, 1, 0, 0, 1, 1.0, 0, 0, 3, 1, 0, 1.0]"
네트워크 보안,이선진,융합보안공학과,심화전공,3영역,"[1, 0]","[0, 0, 3]",,0.0,"[0, 0, 0, 0, 0]",0.6,1,0,"[0, 0, 0, 0]",0,1.0,,화/7-9,융합보안공학과_data_3영역_일반.csv,"[0.6, 1, 0, 0, 0, 0, 0, 0, 0, 0, 0, 0, 0, 1.0, 0, 0, 3, 1, 0, 0.0]"
해킹프로그램실습,최현우,융합보안공학과,심화전공,3영역,"[1, 0]","[0, 0, 3]",,1.0,"[0, 1, 0, 0, 0]",0.6,1,1,"[0, 1, 0, 0]",1,1.0,,목/4-6,융합보안공학과_data_3영역_일반.csv,"[0.6, 1, 1, 0, 1, 0, 0, 0, 0, 1, 0, 0, 1, 1.0, 0, 0, 3, 1, 0, 1.0]"
해킹프로그램실습,최현우,융합보안공학과,심화전공,3영역,"[1, 0]","[0, 0, 3]",,1.0,"[0, 1, 0, 0, 0]",0.6,1,1,"[0, 1, 0, 0]",1,1.0,,수/7-9,융합보안공학과_data_3영역_일반.csv,"[0.6, 1, 1, 0, 1, 0, 0, 0, 0, 1, 0, 0, 1, 1.0, 0, 0, 3, 1, 0, 1.0]"
융합보안 범죄대책론,김학경,융합보안공학과,심화전공,3영역,"[1, 0]","[0, 0, 3]",,1.0,"[1, 0, 0, 0, 0]",0.6,0,0,"[0, 1, 0, 0]",1,1.0,,수/4-6,융합보안공학과_data_3영역_일반.csv,"[0.6, 0, 0, 1, 0, 0, 0, 0, 0, 1, 0, 0, 1, 1.0, 0, 0, 3, 1, 0, 1.0]"
보안소프트웨어 분석과 개발,최현우,융합보안공학과,심화전공,4영역,"[1, 0]","[0, 3, 0]",,1.0,"[1, 0, 0, 0, 0]",0.6,1,0,"[0, 1, 0, 0]",0,1.0,,수/4-6,융합보안공학과_data_4영역_원격.csv,"[0.6, 1, 0, 1, 0, 0, 0, 0, 0, 1, 0, 0, 0, 1.0, 0, 3, 0, 1, 0, 1.0]"
암호응용,손용하,융합보안공학과,심화전공,4영역,"[1, 0]","[0, 0, 3]",,0.8,"[0, 1, 0, 0, 0]",0.6,1,0,"[0, 0, 0, 0]",0,1.0,,목/7-9,융합보안공학과_data_4영역_일반.csv,"[0.6, 1, 0, 0, 1, 0, 0, 0, 0, 0, 0, 0, 0, 1.0, 0, 0, 3, 1, 0, 0.8]"
캡스톤디자인,홍준호,융합보안공학과,심화전공,4영역,"[1, 0]","[0, 0, 3]",,0.0,"[0, 0, 0, 0, 0]",0.2,1,1,"[0, 0, 0, 0]",0,1.0,,월/4-6,융합보안공학과_data_4영역_일반.csv,"[0.2, 1, 1, 0, 0, 0, 0, 0, 0, 0, 0, 0, 0, 1.0, 0, 0, 3, 1, 0, 0.0]"
침해사고대응,이일구,융합보안공학과,심화전공,4영역,"[1, 0]","[0, 0, 3]",,1.0,"[0, 0, 0, 0, 0]",0.4,1,0,"[0, 0, 0, 0]",0,1.0,,수/7-9,융합보안공학과_data_4영역_일반.csv,"[0.4, 1, 0, 0, 0, 0, 0, 0, 0, 0, 0, 0, 0, 1.0, 0, 0, 3, 1, 0, 1.0]"
침해사고대응,홍준호,융합보안공학과,심화전공,4영역,"[1, 0]","[0, 0, 3]",,1.0,"[0, 0, 0, 0, 0]",0.4,1,0,"[0, 0, 0, 0]",0,1.0,,수/7-9,융합보안공학과_data_4영역_일반.csv,"[0.4, 1, 0, 0, 0, 0, 0, 0, 0, 0, 0, 0, 0, 1.0, 0, 0, 3, 1, 0, 1.0]"
융합 프로젝트,황교찬,융합보안공학과,심화전공,4영역,"[1, 0]","[0, 0, 3]",,0.6,"[1, 0, 0, 0, 0]",0.2,1,1,"[1, 0, 0, 0]",0,0.5,,화/1-3,융합보안공학과_data_4영역_일반.csv,"[0.2, 1, 1, 1, 0, 0, 0, 0, 1, 0, 0, 0, 0, 0.5, 0, 0, 3, 1, 0, 0.6]"
IoT기본실습,김준철,지능형IoT,핵심전공,2영역,"[1, 0]","[0, 0, 3]",,0.0,"[0, 0, 0, 0, 0]",0.6,1,0,"[0, 0, 0, 0]",0,1.0,,목/7-9,지능형IoT_data_2영역_일반.csv,"[0.6, 1, 0, 0, 0, 0, 0, 0, 0, 0, 0, 0, 0, 1.0, 0, 0, 3, 1, 0, 0.0]"
IoT시스템설계,김준철,지능형IoT,심화전공,3영역,"[1, 0]","[0, 0, 3]",,0.0,"[0, 0, 0, 0, 0]",0.4,0,0,"[0, 0, 0, 0]",0,1.0,,목/1-3,지능형IoT_data_3영역_일반.csv,"[0.4, 0, 0, 0, 0, 0, 0, 0, 0, 0, 0, 0, 0, 1.0, 0, 0, 3, 1, 0, 0.0]"
IoT시스템설계,김준철,지능형IoT,심화전공,3영역,"[1, 0]","[0, 0, 3]",,0.0,"[0, 0, 0, 0, 0]",0.4,0,0,"[0, 0, 0, 0]",0,1.0,,화/4-6,지능형IoT_data_3영역_일반.csv,"[0.4, 0, 0, 0, 0, 0, 0, 0, 0, 0, 0, 0, 0, 1.0, 0, 0, 3, 1, 0, 0.0]"
메타버스의 이해,김준영,지능형IoT,심화전공,4영역,"[1, 0]","[0, 0, 3]",,0.6,"[1, 0, 0, 0, 0]",0.6,1,1,"[0, 1, 0, 0]",0,0.0,,수/4-6,지능형IoT_data_4영역_일반.csv,"[0.6, 1, 1, 1, 0, 0, 0, 0, 0, 1, 0, 0, 0, 0.0, 0, 0, 3, 1, 0, 0.6]"
디지털회로설계,정영범,지능형IoT,심화전공,4영역,"[1, 0]","[0, 0, 3]",,1.0,"[0, 0, 0, 0, 0]",0.6,1,0,"[0, 0, 0, 0]",0,1.0,,목/7-9,지능형IoT_data_4영역_일반.csv,"[0.6, 1, 0, 0, 0, 0, 0, 0, 0, 0, 0, 0, 0, 1.0, 0, 0, 3, 1, 0, 1.0]"
일반화학실험 1,홍사미,청정신소재공학과,핵심전공,1영역,"[0, 1]","[0, 0, 3]",,1.0,"[0, 1, 0, 0, 0]",0.6,1,1,"[1, 0, 0, 0]",0,1.0,,월/4-6,청정신소재공학과_data_1영역_일반.csv,"[0.6, 1, 1, 0, 1, 0, 0, 0, 1, 0, 0, 0, 0, 1.0, 0, 0, 3, 0, 1, 1.0]"
일반화학실험 1,홍사미,청정신소재공학과,핵심전공,1영역,"[0, 1]","[0, 0, 3]",,1.0,"[0, 1, 0, 0, 0]",0.6,1,1,"[1, 0, 0, 0]",0,1.0,,월/7-9,청정신소재공학과_data_1영역_일반.csv,"[0.6, 1, 1, 0, 1, 0, 0, 0, 1, 0, 0, 0, 0, 1.0, 0, 0, 3, 0, 1, 1.0]"
일반화학실험 1,홍사미,청정신소재공학과,핵심전공,1영역,"[0, 1]","[0, 0, 3]",,1.0,"[0, 1, 0, 0, 0]",0.6,1,1,"[1, 0, 0, 0]",0,1.0,,수/4-6,청정신소재공학과_data_1영역_일반.csv,"[0.6, 1, 1, 0, 1, 0, 0, 0, 1, 0, 0, 0, 0, 1.0, 0, 0, 3, 0, 1, 1.0]"
청정신소재 진로와 전망,이세현,청정신소재공학과,핵심전공,1영역,"[0, 1]","[0, 0, 3]","1. [1학년전공탐색][GeM(도전과실천)]
2. 구 청정융합 진로와 전망[LE000500]",1.0,"[0, 0, 0, 0, 0]",0.6,1,0,"[0, 0, 0, 0]",0,1.0,,화/2,청정신소재공학과_data_1영역_일반.csv,"[0.6, 1, 0, 0, 0, 0, 0, 0, 0, 0, 0, 0, 0, 1.0, 0, 0, 3, 0, 1, 1.0]"
신소재와 미래과학기술,임종훈,청정신소재공학과,핵심전공,1영역,"[0, 1]","[0, 0, 3]","1. [1학년전공탐색][GeM(공학과기술)]
2. 구 융합과학개론[LE003600]",0.6,"[0, 0, 0, 0, 0]",0.6,1,0,"[0, 0, 0, 0]",0,1.0,,화/4-6,청정신소재공학과_data_1영역_일반.csv,"[0.6, 1, 0, 0, 0, 0, 0, 0, 0, 0, 0, 0, 0, 1.0, 0, 0, 3, 0, 1, 0.6]"
결정학개론,이윤호,청정신소재공학과,핵심전공,2영역,"[0, 1]","[3, 0, 0]",,0.8,"[1, 0, 0, 0, 0]",0.6,1,0,"[0, 1, 0, 0]",0,0.5,25년도에 조모임없음으로 수정됨,목/4-6,청정신소재공학과_data_2영역_블렌디드.csv,"[0.6, 1, 0, 1, 0, 0, 0, 0, 0, 1, 0, 0, 0, 0.5, 3, 0, 0, 0, 1, 0.8]"
재료과학과 공학 1,홍현선,청정신소재공학과,핵심전공,2영역,"[0, 1]","[3, 0, 0]",,1.0,"[0, 1, 0, 0, 0]",0.8,1,1,"[0, 1, 0, 0]",0,1.0,,월/7-9,청정신소재공학과_data_2영역_블렌디드.csv,"[0.8, 1, 1, 0, 1, 0, 0, 0, 0, 1, 0, 0, 0, 1.0, 3, 0, 0, 0, 1, 1.0]"
환경과 지속가능성,양인목,청정신소재공학과,핵심전공,2영역,"[0, 1]","[3, 0, 0]",,1.0,"[1, 0, 0, 0, 0]",0.6,1,0,"[0, 1, 0, 0]",0,1.0,,수/7-9,청정신소재공학과_data_2영역_블렌디드.csv,"[0.6, 1, 0, 1, 0, 0, 0, 0, 0, 1, 0, 0, 0, 1.0, 3, 0, 0, 0, 1, 1.0]"
열역학,한혁진,청정신소재공학과,핵심전공,2영역,"[0, 1]","[0, 0, 3]",,1.0,"[0, 1, 0, 0, 0]",0.6,0,0,"[1, 0, 0, 0]",0,1.0,,월/4-6,청정신소재공학과_data_2영역_일반.csv,"[0.6, 0, 0, 0, 1, 0, 0, 0, 1, 0, 0, 0, 0, 1.0, 0, 0, 3, 0, 1, 1.0]"
현대물리학,최창훈,청정신소재공학과,핵심전공,2영역,"[0, 1]","[0, 0, 3]",,1.0,"[1, 0, 0, 0, 0]",0.6,0,0,"[0, 1, 0, 0]",0,1.0,,화/7-9,청정신소재공학과_data_2영역_일반.csv,"[0.6, 0, 0, 1, 0, 0, 0, 0, 0, 1, 0, 0, 0, 1.0, 0, 0, 3, 0, 1, 1.0]"
기초재료공학실험 1,한혁진,청정신소재공학과,핵심전공,2영역,"[0, 1]","[0, 0, 3]",,1.0,"[0, 0, 0, 0, 0]",0.2,1,1,"[0, 0, 0, 0]",0,1.0,,화/4-6,청정신소재공학과_data_2영역_일반.csv,"[0.2, 1, 1, 0, 0, 0, 0, 0, 0, 0, 0, 0, 0, 1.0, 0, 0, 3, 0, 1, 1.0]"
국제환경규제,양인목,청정신소재공학과,심화전공,3영역,"[0, 1]","[3, 0, 0]",,1.0,"[1, 0, 0, 0, 0]",0.6,1,0,"[0, 1, 0, 0]",0,1.0,,목/4-6,청정신소재공학과_data_3영역_블렌디드.csv,"[0.6, 1, 0, 1, 0, 0, 0, 0, 0, 1, 0, 0, 0, 1.0, 3, 0, 0, 0, 1, 1.0]"
전기화학,이세현,청정신소재공학과,심화전공,3영역,"[0, 1]","[3, 0, 0]",,0.8,"[1, 0, 0, 0, 0]",0.6,1,1,"[0, 1, 0, 0]",0,1.0,,화/4-6,청정신소재공학과_data_3영역_블렌디드.csv,"[0.6, 1, 1, 1, 0, 0, 0, 0, 0, 1, 0, 0, 0, 1.0, 3, 0, 0, 0, 1, 0.8]"
나노소재공학,한혁진,청정신소재공학과,심화전공,3영역,"[0, 1]","[3, 0, 0]",,1.0,"[0, 0, 0, 0, 0]",0.6,1,1,"[1, 0, 0, 0]",0,0.5,,월/7-9,청정신소재공학과_data_3영역_블렌디드.csv,"[0.6, 1, 1, 0, 0, 0, 0, 0, 1, 0, 0, 0, 0, 0.5, 3, 0, 0, 0, 1, 1.0]"
자원순환공학,홍현선,청정신소재공학과,심화전공,3영역,"[0, 1]","[3, 0, 0]",,1.0,"[0, 1, 0, 0, 0]",0.6,1,1,"[0, 1, 0, 0]",0,1.0,,화/7-9,청정신소재공학과_data_3영역_블렌디드.csv,"[0.6, 1, 1, 0, 1, 0, 0, 0, 0, 1, 0, 0, 0, 1.0, 3, 0, 0, 0, 1, 1.0]"
금속재료학,최창훈,청정신소재공학과,심화전공,3영역,"[0, 1]","[0, 3, 0]",,1.0,"[0, 0, 0, 0, 1]",0.6,0,0,"[0, 1, 0, 0]",0,0.0,,목/7-9,청정신소재공학과_data_3영역_원격.csv,"[0.6, 0, 0, 0, 0, 0, 0, 1, 0, 1, 0, 0, 0, 0.0, 0, 3, 0, 0, 1, 1.0]"
재료 공학 실험 1,임종훈,청정신소재공학과,심화전공,3영역,"[0, 1]","[0, 0, 3]",구 환경·소재·에너지공학 실습 1[LE001900],0.6,"[0, 0, 0, 0, 0]",0.6,1,0,"[0, 0, 0, 0]",0,1.0,,수/7-9,청정신소재공학과_data_3영역_일반.csv,"[0.6, 1, 0, 0, 0, 0, 0, 0, 0, 0, 0, 0, 0, 1.0, 0, 0, 3, 0, 1, 0.6]"
창의성 공학설계와 창업(캡스톤디자인) 1,이윤호,청정신소재공학과,심화전공,4영역,"[0, 1]","[0, 0, 3]",2025학년도 기준 4영역으로 변경되었으니 참고 부탁드립니다. (기존에 들었던 과목을 재수강할 경우 3->4영역으로 바뀌어 이수되므로 유의바람),0.8,"[0, 1, 0, 0, 0]",0.2,1,0,"[1, 0, 0, 0]",0,0.5,,화/7-9,청정신소재공학과_data_4영역_일반.csv,"[0.2, 1, 0, 0, 1, 0, 0, 0, 1, 0, 0, 0, 0, 0.5, 0, 0, 3, 0, 1, 0.8]"
고분자 소재,이윤호,청정신소재공학과,심화전공,4영역,"[0, 1]","[0, 0, 3]",,0.0,"[0, 0, 0, 0, 0]",0.6,1,0,"[0, 0, 0, 0]",0,1.0,,화/4-6,청정신소재공학과_data_4영역_일반.csv,"[0.6, 1, 0, 0, 0, 0, 0, 0, 0, 0, 0, 0, 0, 1.0, 0, 0, 3, 0, 1, 0.0]"
컴퓨터시스템관리,류준수,컴퓨터공학과,핵심전공,2영역,"[1, 0]","[0, 0, 3]",,1.0,"[0, 0, 0, 0, 0]",0.6,1,0,"[0, 0, 0, 0]",0,1.0,,월/1-3,컴퓨터공학과_data_2영역_일반.csv,"[0.6, 1, 0, 0, 0, 0, 0, 0, 0, 0, 0, 0, 0, 1.0, 0, 0, 3, 1, 0, 1.0]"
서버시스템구축실습,박지웅,컴퓨터공학과,심화전공,3영역,"[1, 0]","[3, 0, 0]",,0.8,"[1, 0, 0, 0, 0]",0.4,1,1,"[0, 1, 0, 0]",0,1.0,,목/1-3,컴퓨터공학과_data_3영역_블렌디드.csv,"[0.4, 1, 1, 1, 0, 0, 0, 0, 0, 1, 0, 0, 0, 1.0, 3, 0, 0, 1, 0, 0.8]"
인공지능응용,문용혁,컴퓨터공학과,심화전공,3영역,"[1, 0]","[3, 0, 0]",,1.0,"[0, 0, 0, 0, 0]",0.6,1,1,"[0, 0, 0, 0]",0,1.0,,목/7-9,컴퓨터공학과_data_3영역_블렌디드.csv,"[0.6, 1, 1, 0, 0, 0, 0, 0, 0, 0, 0, 0, 0, 1.0, 3, 0, 0, 1, 0, 1.0]"
시스템프로그래밍,심광섭,컴퓨터공학과,심화전공,3영역,"[1, 0]","[0, 0, 3]",,1.0,"[1, 0, 0, 0, 0]",0.6,1,0,"[0, 1, 0, 0]",1,1.0,,화/4-6,컴퓨터공학과_data_3영역_일반.csv,"[0.6, 1, 0, 1, 0, 0, 0, 0, 0, 1, 0, 0, 1, 1.0, 0, 0, 3, 1, 0, 1.0]"
소프트웨어분석및설계,서동수,컴퓨터공학과,심화전공,3영역,"[1, 0]","[0, 0, 3]",,0.8,"[0, 1, 0, 0, 0]",0.6,1,1,"[0, 1, 0, 0]",1,0.0,,월/7-9,컴퓨터공학과_data_3영역_일반.csv,"[0.6, 1, 1, 0, 1, 0, 0, 0, 0, 1, 0, 0, 1, 0.0, 0, 0, 3, 1, 0, 0.8]"
소프트웨어디자인패턴,홍의석,컴퓨터공학과,심화전공,4영역,"[1, 0]","[3, 0, 0]",,1.0,"[1, 0, 0, 0, 0]",0.6,0,0,"[0, 1, 0, 0]",0,1.0,,화/4-6,컴퓨터공학과_data_4영역_블렌디드.csv,"[0.6, 0, 0, 1, 0, 0, 0, 0, 0, 1, 0, 0, 0, 1.0, 3, 0, 0, 1, 0, 1.0]"
클라우드컴퓨팅,박지웅,컴퓨터공학과,심화전공,4영역,"[1, 0]","[3, 0, 0]",,1.0,"[1, 0, 0, 0, 0]",0.4,1,1,"[0, 1, 0, 0]",0,0.5,강의력관련 내용없음,화/1-3,컴퓨터공학과_data_4영역_블렌디드.csv,"[0.4, 1, 1, 1, 0, 0, 0, 0, 0, 1, 0, 0, 0, 0.5, 3, 0, 0, 1, 0, 1.0]"
분산시스템,김규영,컴퓨터공학과,심화전공,4영역,"[1, 0]","[0, 0, 3]",,1.0,"[1, 0, 0, 0, 0]",0.4,1,0,"[0, 1, 0, 0]",0,1.0,,월/1-3,컴퓨터공학과_data_4영역_일반.csv,"[0.4, 1, 0, 1, 0, 0, 0, 0, 0, 1, 0, 0, 0, 1.0, 0, 0, 3, 1, 0, 1.0]"
캡스톤디자인,박지웅,컴퓨터공학과,심화전공,4영역,"[1, 0]","[0, 0, 3]",,1.0,"[0, 0, 0, 0, 0]",0.2,0,1,"[1, 0, 0, 0]",0,1.0,,수/1-3,컴퓨터공학과_data_4영역_일반.csv,"[0.2, 0, 1, 0, 0, 0, 0, 0, 1, 0, 0, 0, 0, 1.0, 0, 0, 3, 1, 0, 1.0]"
일반화학실험 1,이은경,화학·에너지융합학부,핵심전공,1영역,"[0, 1]","[3, 0, 0]",,1.0,"[0, 0, 0, 0, 0]",0.6,1,1,"[0, 1, 0, 0]",1,1.0,풀강여부가애매함.,수/4-6,화학·에너지융합학부_전공_data_1영역_블렌디드.csv,"[0.6, 1, 1, 0, 0, 0, 0, 0, 0, 1, 0, 0, 1, 1.0, 3, 0, 0, 0, 1, 1.0]"
일반화학실험 1,이은경,화학·에너지융합학부,핵심전공,1영역,"[0, 1]","[3, 0, 0]",,1.0,"[0, 0, 0, 0, 0]",0.6,1,1,"[0, 1, 0, 0]",1,1.0,풀강여부가애매함.,수/7-9,화학·에너지융합학부_전공_data_1영역_블렌디드.csv,"[0.6, 1, 1, 0, 0, 0, 0, 0, 0, 1, 0, 0, 1, 1.0, 3, 0, 0, 0, 1, 1.0]"
일반화학실험 1,구본재,화학·에너지융합학부,핵심전공,1영역,"[0, 1]","[3, 0, 0]",,0.6,"[0, 1, 0, 0, 0]",0.6,1,1,"[0, 1, 0, 0]",0,0.0,,수/4-6,화학·에너지융합학부_전공_data_1영역_블렌디드.csv,"[0.6, 1, 1, 0, 1, 0, 0, 0, 0, 1, 0, 0, 0, 0.0, 3, 0, 0, 0, 1, 0.6]"
일반화학실험 1,박도경,화학·에너지융합학부,핵심전공,1영역,"[0, 1]","[3, 0, 0]",,0.8,"[0, 1, 0, 0, 0]",0.6,1,0,"[0, 1, 0, 0]",0,1.0,풀강여부가 애매함,목/1-3,화학·에너지융합학부_전공_data_1영역_블렌디드.csv,"[0.6, 1, 0, 0, 1, 0, 0, 0, 0, 1, 0, 0, 0, 1.0, 3, 0, 0, 0, 1, 0.8]"
일반화학실험 1,박도경,화학·에너지융합학부,핵심전공,1영역,"[0, 1]","[3, 0, 0]",,0.8,"[0, 1, 0, 0, 0]",0.6,1,0,"[0, 1, 0, 0]",0,1.0,풀강여부가 애매함,화/1-3,화학·에너지융합학부_전공_data_1영역_블렌디드.csv,"[0.6, 1, 0, 0, 1, 0, 0, 0, 0, 1, 0, 0, 0, 1.0, 3, 0, 0, 0, 1, 0.8]"
일반화학실험 1,오다경,화학·에너지융합학부,핵심전공,1영역,"[0, 1]","[3, 0, 0]",,1.0,"[0, 1, 0, 0, 0]",0.6,1,0,"[0, 1, 0, 0]",1,1.0,풀강여부 애매,목/1-3,화학·에너지융합학부_전공_data_1영역_블렌디드.csv,"[0.6, 1, 0, 0, 1, 0, 0, 0, 0, 1, 0, 0, 1, 1.0, 3, 0, 0, 0, 1, 1.0]"
일반화학실험 1,오다경,화학·에너지융합학부,핵심전공,1영역,"[0, 1]","[3, 0, 0]",,1.0,"[0, 1, 0, 0, 0]",0.6,1,0,"[0, 1, 0, 0]",1,1.0,풀강여부 애매,목/4-6,화학·에너지융합학부_전공_data_1영역_블렌디드.csv,"[0.6, 1, 0, 0, 1, 0, 0, 0, 0, 1, 0, 0, 1, 1.0, 3, 0, 0, 0, 1, 1.0]"
일반화학실험 1,이향애,화학·에너지융합학부,핵심전공,1영역,"[0, 1]","[3, 0, 0]",,1.0,"[0, 1, 0, 0, 0]",0.6,1,0,"[0, 1, 0, 0]",0,1.0,실험끝나면 가면됨,목/7-9,화학·에너지융합학부_전공_data_1영역_블렌디드.csv,"[0.6, 1, 0, 0, 1, 0, 0, 0, 0, 1, 0, 0, 0, 1.0, 3, 0, 0, 0, 1, 1.0]"
일반화학실험 1,김경순,화학·에너지융합학부,핵심전공,1영역,"[0, 1]","[0, 0, 3]",,1.0,"[0, 1, 0, 0, 0]",0.6,1,1,"[0, 1, 0, 0]",0,1.0,,화/4-6,화학·에너지융합학부_전공_data_1영역_일반.csv,"[0.6, 1, 1, 0, 1, 0, 0, 0, 0, 1, 0, 0, 0, 1.0, 0, 0, 3, 0, 1, 1.0]"
일반화학실험 1,김경순,화학·에너지융합학부,핵심전공,1영역,"[0, 1]","[0, 0, 3]",,1.0,"[0, 1, 0, 0, 0]",0.6,1,1,"[0, 1, 0, 0]",0,1.0,,목/4-6,화학·에너지융합학부_전공_data_1영역_일반.csv,"[0.6, 1, 1, 0, 1, 0, 0, 0, 0, 1, 0, 0, 0, 1.0, 0, 0, 3, 0, 1, 1.0]"
일반화학실험 1,김경순,화학·에너지융합학부,핵심전공,1영역,"[0, 1]","[0, 0, 3]",,1.0,"[0, 1, 0, 0, 0]",0.6,1,1,"[0, 1, 0, 0]",0,1.0,,목/7-9,화학·에너지융합학부_전공_data_1영역_일반.csv,"[0.6, 1, 1, 0, 1, 0, 0, 0, 0, 1, 0, 0, 0, 1.0, 0, 0, 3, 0, 1, 1.0]"
일반화학실험 1,김경순,화학·에너지융합학부,핵심전공,1영역,"[0, 1]","[0, 0, 3]",,1.0,"[0, 1, 0, 0, 0]",0.6,1,1,"[0, 1, 0, 0]",0,1.0,,화/1-3,화학·에너지융합학부_전공_data_1영역_일반.csv,"[0.6, 1, 1, 0, 1, 0, 0, 0, 0, 1, 0, 0, 0, 1.0, 0, 0, 3, 0, 1, 1.0]"
유기화학 1,채정현,화학·에너지융합학부,핵심전공,2영역,"[0, 1]","[0, 0, 3]",,1.0,"[1, 0, 0, 0, 0]",0.6,0,0,"[0, 1, 0, 0]",1,1.0,,월/4-6,화학·에너지융합학부_전공_data_2영역_일반.csv,"[0.6, 0, 0, 1, 0, 0, 0, 0, 0, 1, 0, 0, 1, 1.0, 0, 0, 3, 0, 1, 1.0]"
생화학 1,박성순,화학·에너지융합학부,핵심전공,2영역,"[0, 1]","[0, 0, 3]",,0.8,"[1, 0, 0, 0, 0]",0.8,0,0,"[0, 1, 0, 0]",1,1.0,,수/4-6,화학·에너지융합학부_전공_data_2영역_일반.csv,"[0.8, 0, 0, 1, 0, 0, 0, 0, 0, 1, 0, 0, 1, 1.0, 0, 0, 3, 0, 1, 0.8]"
전기화학,마선일,화학·에너지융합학부,심화전공,3영역,"[0, 1]","[0, 0, 3]",,0.8,"[1, 0, 0, 0, 0]",0.6,0,0,"[0, 1, 0, 0]",0,0.0,,목/4-6,화학·에너지융합학부_전공_data_3영역_일반.csv,"[0.6, 0, 0, 1, 0, 0, 0, 0, 0, 1, 0, 0, 0, 0.0, 0, 0, 3, 0, 1, 0.8]"
